,-10.0,-9.8,-9.6,-9.4,-9.2,-9.0,-8.8,-8.6,-8.4,-8.2,-8.0,-7.8,-7.6,-7.4,-7.2,-7.0,-6.8,-6.6,-6.4,-6.2,-6.0,-5.8,-5.6,-5.4,-5.2,-5.0,-4.8,-4.6,-4.4,-4.2,-4.0,-3.8,-3.6,-3.4,-3.2,-3.0,-2.8,-2.6,-2.4,-2.2,-2.0,-1.8,-1.6,-1.4,-1.2,-1.0,-0.8,-0.6,-0.4,-0.2,0.0,0.2,0.4,0.6,0.8,1.0,1.2,1.4,1.6,1.8,2.0,2.2,2.4,2.6,2.8,3.0,3.2,3.4,3.6,3.8,4.0,4.2,4.4,4.6,4.8,5.0,5.2,5.4,5.6,5.8,6.0,6.2,6.4,6.6,6.8,7.0,7.2,7.4,7.6,7.8,8.0,8.2,8.4,8.6,8.8,9.0,9.2,9.4,9.6,9.8,10.0
-10.0,0.36344,0.36344,0.36344,0.36344,0.36344,0.36344,0.36344,0.36344,0.36344,0.36344,0.36344,0.36344,0.36344,0.36344,0.36344,0.36344,0.36344,0.36344,0.36344,0.36345,0.36345,0.36345,0.36345,0.36346,0.36346,0.36347,0.36347,0.36348,0.36349,0.3635,0.36351,0.36353,0.36355,0.36357,0.3636,0.36363,0.36367,0.36372,0.36378,0.36385,0.36392,0.36402,0.36412,0.36425,0.36438,0.36454,0.36471,0.36489,0.36508,0.36528,0.36548,0.36569,0.36589,0.36608,0.36627,0.36644,0.36659,0.36673,0.36686,0.36696,0.36706,0.36714,0.36721,0.36727,0.36732,0.36736,0.36739,0.36742,0.36744,0.36746,0.36748,0.36749,0.3675,0.36751,0.36752,0.36753,0.36753,0.36754,0.36754,0.36754,0.36754,0.36755,0.36755,0.36755,0.36755,0.36755,0.36755,0.36755,0.36755,0.36755,0.36755,0.36755,0.36755,0.36755,0.36755,0.36755,0.36755,0.36755,0.36755,0.36755,0.36755
-9.8,0.36343,0.36343,0.36343,0.36343,0.36343,0.36343,0.36343,0.36343,0.36343,0.36343,0.36343,0.36343,0.36343,0.36343,0.36343,0.36343,0.36343,0.36343,0.36343,0.36343,0.36344,0.36344,0.36344,0.36344,0.36345,0.36345,0.36346,0.36347,0.36347,0.36349,0.3635,0.36351,0.36353,0.36356,0.36358,0.36362,0.36366,0.36371,0.36376,0.36383,0.36391,0.364,0.36411,0.36423,0.36437,0.36452,0.36469,0.36487,0.36507,0.36527,0.36547,0.36568,0.36588,0.36607,0.36625,0.36642,0.36658,0.36672,0.36684,0.36695,0.36705,0.36713,0.3672,0.36725,0.3673,0.36734,0.36738,0.36741,0.36743,0.36745,0.36747,0.36748,0.36749,0.3675,0.36751,0.36751,0.36752,0.36752,0.36753,0.36753,0.36753,0.36753,0.36753,0.36754,0.36754,0.36754,0.36754,0.36754,0.36754,0.36754,0.36754,0.36754,0.36754,0.36754,0.36754,0.36754,0.36754,0.36754,0.36754,0.36754,0.36754
-9.6,0.36341,0.36341,0.36341,0.36341,0.36341,0.36341,0.36341,0.36341,0.36341,0.36341,0.36341,0.36341,0.36341,0.36341,0.36341,0.36341,0.36341,0.36342,0.36342,0.36342,0.36342,0.36342,0.36342,0.36343,0.36343,0.36344,0.36344,0.36345,0.36346,0.36347,0.36348,0.3635,0.36352,0.36354,0.36357,0.3636,0.36364,0.36369,0.36375,0.36382,0.3639,0.36399,0.3641,0.36422,0.36436,0.36451,0.36468,0.36486,0.36505,0.36525,0.36546,0.36566,0.36586,0.36606,0.36624,0.36641,0.36656,0.3667,0.36683,0.36694,0.36703,0.36711,0.36718,0.36724,0.36729,0.36733,0.36736,0.36739,0.36742,0.36744,0.36745,0.36746,0.36748,0.36748,0.36749,0.3675,0.3675,0.36751,0.36751,0.36751,0.36752,0.36752,0.36752,0.36752,0.36752,0.36752,0.36752,0.36752,0.36752,0.36752,0.36752,0.36753,0.36753,0.36753,0.36753,0.36753,0.36753,0.36753,0.36753,0.36753,0.36753
-9.4,0.36339,0.36339,0.36339,0.36339,0.36339,0.36339,0.36339,0.36339,0.36339,0.36339,0.36339,0.36339,0.36339,0.36339,0.36339,0.36339,0.3634,0.3634,0.3634,0.3634,0.3634,0.3634,0.36341,0.36341,0.36341,0.36342,0.36342,0.36343,0.36344,0.36345,0.36346,0.36348,0.3635,0.36352,0.36355,0.36358,0.36362,0.36367,0.36373,0.3638,0.36388,0.36397,0.36408,0.3642,0.36434,0.36449,0.36466,0.36484,0.36503,0.36523,0.36544,0.36564,0.36584,0.36604,0.36622,0.36639,0.36655,0.36668,0.36681,0.36692,0.36701,0.36709,0.36716,0.36722,0.36727,0.36731,0.36734,0.36737,0.3674,0.36742,0.36743,0.36745,0.36746,0.36747,0.36747,0.36748,0.36748,0.36749,0.36749,0.36749,0.3675,0.3675,0.3675,0.3675,0.3675,0.3675,0.3675,0.3675,0.36751,0.36751,0.36751,0.36751,0.36751,0.36751,0.36751,0.36751,0.36751,0.36751,0.36751,0.36751,0.36751
-9.2,0.36337,0.36337,0.36337,0.36337,0.36337,0.36337,0.36337,0.36337,0.36337,0.36337,0.36337,0.36337,0.36337,0.36337,0.36337,0.36337,0.36337,0.36337,0.36337,0.36338,0.36338,0.36338,0.36338,0.36339,0.36339,0.36339,0.3634,0.36341,0.36342,0.36343,0.36344,0.36346,0.36348,0.3635,0.36353,0.36356,0.3636,0.36365,0.36371,0.36377,0.36385,0.36395,0.36405,0.36418,0.36431,0.36447,0.36463,0.36482,0.36501,0.36521,0.36541,0.36562,0.36582,0.36601,0.3662,0.36637,0.36652,0.36666,0.36679,0.36689,0.36699,0.36707,0.36714,0.3672,0.36725,0.36729,0.36732,0.36735,0.36737,0.36739,0.36741,0.36742,0.36743,0.36744,0.36745,0.36746,0.36746,0.36747,0.36747,0.36747,0.36747,0.36748,0.36748,0.36748,0.36748,0.36748,0.36748,0.36748,0.36748,0.36748,0.36748,0.36748,0.36748,0.36748,0.36748,0.36748,0.36748,0.36748,0.36748,0.36748,0.36748
-9.0,0.36334,0.36334,0.36334,0.36334,0.36334,0.36334,0.36334,0.36334,0.36334,0.36334,0.36334,0.36334,0.36334,0.36334,0.36334,0.36334,0.36334,0.36334,0.36335,0.36335,0.36335,0.36335,0.36335,0.36336,0.36336,0.36337,0.36337,0.36338,0.36339,0.3634,0.36341,0.36343,0.36345,0.36347,0.3635,0.36353,0.36357,0.36362,0.36368,0.36375,0.36383,0.36392,0.36403,0.36415,0.36429,0.36444,0.36461,0.36479,0.36498,0.36518,0.36539,0.36559,0.36579,0.36599,0.36617,0.36634,0.36649,0.36663,0.36676,0.36687,0.36696,0.36704,0.36711,0.36717,0.36722,0.36726,0.36729,0.36732,0.36734,0.36736,0.36738,0.36739,0.36741,0.36741,0.36742,0.36743,0.36743,0.36744,0.36744,0.36744,0.36745,0.36745,0.36745,0.36745,0.36745,0.36745,0.36745,0.36745,0.36745,0.36745,0.36745,0.36745,0.36745,0.36746,0.36746,0.36746,0.36746,0.36746,0.36746,0.36746,0.36746
-8.8,0.3633,0.36331,0.36331,0.36331,0.36331,0.36331,0.36331,0.36331,0.36331,0.36331,0.36331,0.36331,0.36331,0.36331,0.36331,0.36331,0.36331,0.36331,0.36331,0.36331,0.36331,0.36332,0.36332,0.36332,0.36333,0.36333,0.36334,0.36335,0.36335,0.36337,0.36338,0.36339,0.36341,0.36344,0.36346,0.3635,0.36354,0.36359,0.36364,0.36371,0.36379,0.36388,0.36399,0.36411,0.36425,0.3644,0.36457,0.36475,0.36495,0.36515,0.36535,0.36556,0.36576,0.36595,0.36613,0.3663,0.36646,0.3666,0.36672,0.36683,0.36692,0.36701,0.36707,0.36713,0.36718,0.36722,0.36726,0.36729,0.36731,0.36733,0.36735,0.36736,0.36737,0.36738,0.36739,0.36739,0.3674,0.3674,0.36741,0.36741,0.36741,0.36741,0.36741,0.36742,0.36742,0.36742,0.36742,0.36742,0.36742,0.36742,0.36742,0.36742,0.36742,0.36742,0.36742,0.36742,0.36742,0.36742,0.36742,0.36742,0.36742
-8.6,0.36326,0.36326,0.36326,0.36326,0.36326,0.36326,0.36326,0.36326,0.36326,0.36326,0.36326,0.36326,0.36326,0.36327,0.36327,0.36327,0.36327,0.36327,0.36327,0.36327,0.36327,0.36328,0.36328,0.36328,0.36329,0.36329,0.3633,0.3633,0.36331,0.36332,0.36334,0.36335,0.36337,0.36339,0.36342,0.36346,0.3635,0.36355,0.3636,0.36367,0.36375,0.36384,0.36395,0.36407,0.36421,0.36436,0.36453,0.36471,0.3649,0.3651,0.36531,0.36551,0.36572,0.36591,0.36609,0.36626,0.36642,0.36656,0.36668,0.36679,0.36688,0.36696,0.36703,0.36709,0.36714,0.36718,0.36722,0.36724,0.36727,0.36729,0.3673,0.36732,0.36733,0.36734,0.36734,0.36735,0.36736,0.36736,0.36736,0.36737,0.36737,0.36737,0.36737,0.36737,0.36737,0.36738,0.36738,0.36738,0.36738,0.36738,0.36738,0.36738,0.36738,0.36738,0.36738,0.36738,0.36738,0.36738,0.36738,0.36738,0.36738
-8.4,0.36321,0.36321,0.36321,0.36321,0.36321,0.36321,0.36321,0.36321,0.36321,0.36321,0.36321,0.36321,0.36321,0.36321,0.36321,0.36322,0.36322,0.36322,0.36322,0.36322,0.36322,0.36322,0.36323,0.36323,0.36323,0.36324,0.36324,0.36325,0.36326,0.36327,0.36328,0.3633,0.36332,0.36334,0.36337,0.3634,0.36345,0.36349,0.36355,0.36362,0.3637,0.36379,0.3639,0.36402,0.36416,0.36431,0.36448,0.36466,0.36485,0.36505,0.36526,0.36546,0.36566,0.36586,0.36604,0.36621,0.36637,0.3665,0.36663,0.36674,0.36683,0.36691,0.36698,0.36704,0.36709,0.36713,0.36716,0.36719,0.36722,0.36724,0.36725,0.36727,0.36728,0.36729,0.36729,0.3673,0.3673,0.36731,0.36731,0.36731,0.36732,0.36732,0.36732,0.36732,0.36732,0.36732,0.36732,0.36732,0.36733,0.36733,0.36733,0.36733,0.36733,0.36733,0.36733,0.36733,0.36733,0.36733,0.36733,0.36733,0.36733
-8.2,0.36315,0.36315,0.36315,0.36315,0.36315,0.36315,0.36315,0.36315,0.36315,0.36315,0.36315,0.36315,0.36315,0.36315,0.36315,0.36315,0.36315,0.36315,0.36316,0.36316,0.36316,0.36316,0.36316,0.36317,0.36317,0.36318,0.36318,0.36319,0.3632,0.36321,0.36322,0.36324,0.36326,0.36328,0.36331,0.36334,0.36338,0.36343,0.36349,0.36356,0.36364,0.36373,0.36383,0.36396,0.36409,0.36425,0.36442,0.3646,0.36479,0.36499,0.36519,0.3654,0.3656,0.36579,0.36598,0.36615,0.3663,0.36644,0.36657,0.36667,0.36677,0.36685,0.36692,0.36698,0.36703,0.36707,0.3671,0.36713,0.36715,0.36717,0.36719,0.3672,0.36721,0.36722,0.36723,0.36724,0.36724,0.36725,0.36725,0.36725,0.36725,0.36726,0.36726,0.36726,0.36726,0.36726,0.36726,0.36726,0.36726,0.36726,0.36726,0.36726,0.36726,0.36726,0.36726,0.36726,0.36726,0.36726,0.36726,0.36726,0.36726
-8.0,0.36307,0.36307,0.36307,0.36307,0.36307,0.36307,0.36307,0.36307,0.36307,0.36307,0.36307,0.36307,0.36307,0.36307,0.36307,0.36308,0.36308,0.36308,0.36308,0.36308,0.36308,0.36308,0.36309,0.36309,0.36309,0.3631,0.36311,0.36311,0.36312,0.36313,0.36315,0.36316,0.36318,0.3632,0.36323,0.36327,0.36331,0.36335,0.36341,0.36348,0.36356,0.36365,0.36376,0.36388,0.36402,0.36417,0.36434,0.36452,0.36471,0.36491,0.36512,0.36532,0.36552,0.36572,0.3659,0.36607,0.36623,0.36636,0.36649,0.3666,0.36669,0.36677,0.36684,0.3669,0.36695,0.36699,0.36702,0.36705,0.36708,0.3671,0.36711,0.36713,0.36714,0.36715,0.36715,0.36716,0.36716,0.36717,0.36717,0.36717,0.36718,0.36718,0.36718,0.36718,0.36718,0.36718,0.36718,0.36718,0.36719,0.36719,0.36719,0.36719,0.36719,0.36719,0.36719,0.36719,0.36719,0.36719,0.36719,0.36719,0.36719
-7.8,0.36298,0.36298,0.36298,0.36298,0.36298,0.36298,0.36298,0.36298,0.36298,0.36298,0.36298,0.36298,0.36298,0.36298,0.36298,0.36298,0.36298,0.36298,0.36298,0.36299,0.36299,0.36299,0.36299,0.363,0.363,0.36301,0.36301,0.36302,0.36303,0.36304,0.36305,0.36307,0.36309,0.36311,0.36314,0.36317,0.36321,0.36326,0.36332,0.36339,0.36346,0.36356,0.36366,0.36379,0.36392,0.36408,0.36425,0.36443,0.36462,0.36482,0.36502,0.36523,0.36543,0.36562,0.36581,0.36598,0.36613,0.36627,0.36639,0.3665,0.3666,0.36668,0.36675,0.36681,0.36685,0.3669,0.36693,0.36696,0.36698,0.367,0.36702,0.36703,0.36704,0.36705,0.36706,0.36707,0.36707,0.36707,0.36708,0.36708,0.36708,0.36708,0.36709,0.36709,0.36709,0.36709,0.36709,0.36709,0.36709,0.36709,0.36709,0.36709,0.36709,0.36709,0.36709,0.36709,0.36709,0.36709,0.36709,0.36709,0.36709
-7.6,0.36286,0.36286,0.36286,0.36286,0.36286,0.36286,0.36286,0.36286,0.36286,0.36287,0.36287,0.36287,0.36287,0.36287,0.36287,0.36287,0.36287,0.36287,0.36287,0.36287,0.36287,0.36288,0.36288,0.36288,0.36289,0.36289,0.3629,0.3629,0.36291,0.36292,0.36294,0.36295,0.36297,0.363,0.36302,0.36306,0.3631,0.36315,0.3632,0.36327,0.36335,0.36344,0.36355,0.36367,0.36381,0.36396,0.36413,0.36431,0.3645,0.3647,0.36491,0.36511,0.36532,0.36551,0.36569,0.36586,0.36602,0.36616,0.36628,0.36639,0.36648,0.36656,0.36663,0.36669,0.36674,0.36678,0.36682,0.36684,0.36687,0.36689,0.3669,0.36692,0.36693,0.36694,0.36694,0.36695,0.36696,0.36696,0.36696,0.36697,0.36697,0.36697,0.36697,0.36697,0.36697,0.36697,0.36698,0.36698,0.36698,0.36698,0.36698,0.36698,0.36698,0.36698,0.36698,0.36698,0.36698,0.36698,0.36698,0.36698,0.36698
-7.4,0.36272,0.36272,0.36272,0.36272,0.36272,0.36272,0.36272,0.36273,0.36273,0.36273,0.36273,0.36273,0.36273,0.36273,0.36273,0.36273,0.36273,0.36273,0.36273,0.36273,0.36273,0.36274,0.36274,0.36274,0.36275,0.36275,0.36276,0.36276,0.36277,0.36278,0.3628,0.36281,0.36283,0.36286,0.36288,0.36292,0.36296,0.36301,0.36306,0.36313,0.36321,0.3633,0.36341,0.36353,0.36367,0.36382,0.36399,0.36417,0.36436,0.36457,0.36477,0.36497,0.36518,0.36537,0.36555,0.36572,0.36588,0.36602,0.36614,0.36625,0.36634,0.36642,0.36649,0.36655,0.3666,0.36664,0.36668,0.3667,0.36673,0.36675,0.36676,0.36678,0.36679,0.3668,0.3668,0.36681,0.36682,0.36682,0.36682,0.36683,0.36683,0.36683,0.36683,0.36683,0.36683,0.36683,0.36684,0.36684,0.36684,0.36684,0.36684,0.36684,0.36684,0.36684,0.36684,0.36684,0.36684,0.36684,0.36684,0.36684,0.36684
-7.2,0.36255,0.36255,0.36255,0.36255,0.36255,0.36255,0.36255,0.36255,0.36255,0.36256,0.36256,0.36256,0.36256,0.36256,0.36256,0.36256,0.36256,0.36256,0.36256,0.36256,0.36256,0.36257,0.36257,0.36257,0.36258,0.36258,0.36259,0.36259,0.3626,0.36261,0.36263,0.36264,0.36266,0.36269,0.36271,0.36275,0.36279,0.36284,0.36289,0.36296,0.36304,0.36313,0.36324,0.36336,0.3635,0.36365,0.36382,0.364,0.36419,0.36439,0.3646,0.3648,0.365,0.3652,0.36538,0.36555,0.36571,0.36585,0.36597,0.36608,0.36617,0.36625,0.36632,0.36638,0.36643,0.36647,0.3665,0.36653,0.36656,0.36658,0.36659,0.36661,0.36662,0.36663,0.36663,0.36664,0.36664,0.36665,0.36665,0.36665,0.36666,0.36666,0.36666,0.36666,0.36666,0.36666,0.36666,0.36666,0.36667,0.36667,0.36667,0.36667,0.36667,0.36667,0.36667,0.36667,0.36667,0.36667,0.36667,0.36667,0.36667
-7.0,0.36235,0.36235,0.36235,0.36235,0.36235,0.36235,0.36235,0.36235,0.36235,0.36235,0.36235,0.36235,0.36235,0.36235,0.36235,0.36235,0.36235,0.36235,0.36235,0.36235,0.36236,0.36236,0.36236,0.36236,0.36237,0.36237,0.36238,0.36239,0.3624,0.36241,0.36242,0.36244,0.36245,0.36248,0.36251,0.36254,0.36258,0.36263,0.36269,0.36275,0.36283,0.36292,0.36303,0.36315,0.36329,0.36344,0.36361,0.36379,0.36399,0.36419,0.36439,0.3646,0.3648,0.36499,0.36517,0.36534,0.3655,0.36564,0.36576,0.36587,0.36596,0.36604,0.36611,0.36617,0.36622,0.36626,0.3663,0.36632,0.36635,0.36637,0.36638,0.3664,0.36641,0.36642,0.36642,0.36643,0.36644,0.36644,0.36644,0.36645,0.36645,0.36645,0.36645,0.36645,0.36645,0.36645,0.36646,0.36646,0.36646,0.36646,0.36646,0.36646,0.36646,0.36646,0.36646,0.36646,0.36646,0.36646,0.36646,0.36646,0.36646
-6.8,0.36209,0.36209,0.36209,0.36209,0.36209,0.36209,0.36209,0.36209,0.36209,0.36209,0.36209,0.36209,0.36209,0.36209,0.36209,0.3621,0.3621,0.3621,0.3621,0.3621,0.3621,0.3621,0.36211,0.36211,0.36211,0.36212,0.36213,0.36213,0.36214,0.36215,0.36217,0.36218,0.3622,0.36222,0.36225,0.36229,0.36233,0.36237,0.36243,0.3625,0.36258,0.36267,0.36278,0.3629,0.36304,0.36319,0.36336,0.36354,0.36373,0.36393,0.36414,0.36434,0.36454,0.36474,0.36492,0.36509,0.36524,0.36538,0.36551,0.36561,0.36571,0.36579,0.36586,0.36592,0.36596,0.36601,0.36604,0.36607,0.36609,0.36611,0.36613,0.36614,0.36615,0.36616,0.36617,0.36618,0.36618,0.36619,0.36619,0.36619,0.36619,0.3662,0.3662,0.3662,0.3662,0.3662,0.3662,0.3662,0.3662,0.3662,0.3662,0.3662,0.3662,0.3662,0.3662,0.3662,0.3662,0.3662,0.3662,0.3662,0.3662
-6.6,0.36178,0.36178,0.36178,0.36178,0.36178,0.36178,0.36178,0.36178,0.36178,0.36178,0.36178,0.36178,0.36178,0.36178,0.36179,0.36179,0.36179,0.36179,0.36179,0.36179,0.36179,0.36179,0.3618,0.3618,0.3618,0.36181,0.36182,0.36182,0.36183,0.36184,0.36186,0.36187,0.36189,0.36191,0.36194,0.36198,0.36202,0.36206,0.36212,0.36219,0.36227,0.36236,0.36247,0.36259,0.36273,0.36288,0.36305,0.36323,0.36342,0.36362,0.36383,0.36403,0.36423,0.36442,0.36461,0.36478,0.36493,0.36507,0.36519,0.3653,0.3654,0.36548,0.36555,0.3656,0.36565,0.3657,0.36573,0.36576,0.36578,0.3658,0.36582,0.36583,0.36584,0.36585,0.36586,0.36586,0.36587,0.36587,0.36588,0.36588,0.36588,0.36588,0.36589,0.36589,0.36589,0.36589,0.36589,0.36589,0.36589,0.36589,0.36589,0.36589,0.36589,0.36589,0.36589,0.36589,0.36589,0.36589,0.36589,0.36589,0.36589
-6.4,0.3614,0.3614,0.3614,0.3614,0.3614,0.3614,0.3614,0.3614,0.3614,0.3614,0.36141,0.36141,0.36141,0.36141,0.36141,0.36141,0.36141,0.36141,0.36141,0.36141,0.36141,0.36142,0.36142,0.36142,0.36143,0.36143,0.36144,0.36144,0.36145,0.36146,0.36148,0.36149,0.36151,0.36154,0.36156,0.3616,0.36164,0.36169,0.36174,0.36181,0.36189,0.36198,0.36209,0.36221,0.36235,0.3625,0.36267,0.36285,0.36304,0.36324,0.36345,0.36365,0.36385,0.36405,0.36423,0.3644,0.36455,0.36469,0.36481,0.36492,0.36502,0.3651,0.36517,0.36523,0.36527,0.36532,0.36535,0.36538,0.3654,0.36542,0.36544,0.36545,0.36546,0.36547,0.36548,0.36549,0.36549,0.36549,0.3655,0.3655,0.3655,0.3655,0.36551,0.36551,0.36551,0.36551,0.36551,0.36551,0.36551,0.36551,0.36551,0.36551,0.36551,0.36551,0.36551,0.36551,0.36551,0.36551,0.36551,0.36551,0.36551
-6.2,0.36094,0.36094,0.36094,0.36094,0.36094,0.36094,0.36094,0.36094,0.36094,0.36094,0.36094,0.36094,0.36094,0.36095,0.36095,0.36095,0.36095,0.36095,0.36095,0.36095,0.36095,0.36095,0.36096,0.36096,0.36096,0.36097,0.36098,0.36098,0.36099,0.361,0.36102,0.36103,0.36105,0.36107,0.3611,0.36114,0.36118,0.36122,0.36128,0.36135,0.36143,0.36152,0.36163,0.36175,0.36189,0.36204,0.36221,0.36239,0.36258,0.36278,0.36298,0.36319,0.36339,0.36358,0.36376,0.36393,0.36409,0.36423,0.36435,0.36446,0.36455,0.36463,0.3647,0.36476,0.36481,0.36485,0.36489,0.36492,0.36494,0.36496,0.36497,0.36499,0.365,0.36501,0.36502,0.36502,0.36503,0.36503,0.36503,0.36504,0.36504,0.36504,0.36504,0.36504,0.36505,0.36505,0.36505,0.36505,0.36505,0.36505,0.36505,0.36505,0.36505,0.36505,0.36505,0.36505,0.36505,0.36505,0.36505,0.36505,0.36505
-6.0,0.36038,0.36038,0.36038,0.36038,0.36038,0.36038,0.36038,0.36038,0.36038,0.36038,0.36038,0.36038,0.36038,0.36038,0.36038,0.36038,0.36038,0.36039,0.36039,0.36039,0.36039,0.36039,0.36039,0.3604,0.3604,0.36041,0.36041,0.36042,0.36043,0.36044,0.36045,0.36047,0.36049,0.36051,0.36054,0.36057,0.36061,0.36066,0.36072,0.36079,0.36086,0.36096,0.36106,0.36119,0.36132,0.36148,0.36164,0.36182,0.36202,0.36222,0.36242,0.36262,0.36282,0.36302,0.3632,0.36337,0.36352,0.36366,0.36379,0.3639,0.36399,0.36407,0.36414,0.3642,0.36425,0.36429,0.36432,0.36435,0.36437,0.36439,0.36441,0.36442,0.36443,0.36444,0.36445,0.36446,0.36446,0.36447,0.36447,0.36447,0.36447,0.36448,0.36448,0.36448,0.36448,0.36448,0.36448,0.36448,0.36448,0.36448,0.36448,0.36448,0.36448,0.36448,0.36448,0.36448,0.36448,0.36448,0.36448,0.36448,0.36448
-5.8,0.35969,0.35969,0.35969,0.35969,0.35969,0.35969,0.35969,0.35969,0.35969,0.35969,0.3597,0.3597,0.3597,0.3597,0.3597,0.3597,0.3597,0.3597,0.3597,0.3597,0.3597,0.35971,0.35971,0.35971,0.35972,0.35972,0.35973,0.35973,0.35974,0.35975,0.35977,0.35978,0.3598,0.35983,0.35985,0.35989,0.35993,0.35997,0.36003,0.3601,0.36018,0.36027,0.36038,0.3605,0.36064,0.36079,0.36096,0.36114,0.36133,0.36153,0.36173,0.36194,0.36214,0.36233,0.36251,0.36268,0.36284,0.36298,0.3631,0.36321,0.3633,0.36338,0.36345,0.36351,0.36356,0.3636,0.36363,0.36366,0.36368,0.3637,0.36372,0.36373,0.36375,0.36375,0.36376,0.36377,0.36377,0.36378,0.36378,0.36378,0.36379,0.36379,0.36379,0.36379,0.36379,0.36379,0.36379,0.36379,0.36379,0.36379,0.36379,0.36379,0.36379,0.36379,0.36379,0.3638,0.3638,0.3638,0.3638,0.3638,0.3638
-5.6,0.35886,0.35886,0.35886,0.35886,0.35886,0.35886,0.35886,0.35886,0.35886,0.35886,0.35886,0.35886,0.35886,0.35886,0.35886,0.35886,0.35886,0.35886,0.35886,0.35887,0.35887,0.35887,0.35887,0.35888,0.35888,0.35888,0.35889,0.3589,0.35891,0.35892,0.35893,0.35895,0.35897,0.35899,0.35902,0.35905,0.35909,0.35914,0.3592,0.35926,0.35934,0.35943,0.35954,0.35966,0.3598,0.35995,0.36012,0.3603,0.36049,0.36069,0.36089,0.3611,0.3613,0.36149,0.36167,0.36184,0.362,0.36214,0.36226,0.36237,0.36246,0.36254,0.36261,0.36267,0.36272,0.36276,0.36279,0.36282,0.36284,0.36286,0.36288,0.36289,0.36291,0.36291,0.36292,0.36293,0.36293,0.36294,0.36294,0.36294,0.36295,0.36295,0.36295,0.36295,0.36295,0.36295,0.36295,0.36295,0.36295,0.36295,0.36295,0.36295,0.36295,0.36295,0.36295,0.36296,0.36296,0.36296,0.36296,0.36296,0.36296
-5.4,0.35784,0.35784,0.35784,0.35784,0.35784,0.35784,0.35784,0.35784,0.35784,0.35784,0.35784,0.35784,0.35784,0.35784,0.35784,0.35784,0.35784,0.35784,0.35785,0.35785,0.35785,0.35785,0.35785,0.35786,0.35786,0.35787,0.35787,0.35788,0.35789,0.3579,0.35791,0.35793,0.35795,0.35797,0.358,0.35803,0.35807,0.35812,0.35818,0.35824,0.35832,0.35841,0.35852,0.35864,0.35878,0.35893,0.3591,0.35928,0.35947,0.35967,0.35987,0.36008,0.36028,0.36047,0.36065,0.36082,0.36097,0.36111,0.36124,0.36134,0.36144,0.36152,0.36159,0.36165,0.36169,0.36174,0.36177,0.3618,0.36182,0.36184,0.36186,0.36187,0.36188,0.36189,0.3619,0.3619,0.36191,0.36191,0.36192,0.36192,0.36192,0.36192,0.36193,0.36193,0.36193,0.36193,0.36193,0.36193,0.36193,0.36193,0.36193,0.36193,0.36193,0.36193,0.36193,0.36193,0.36193,0.36193,0.36193,0.36193,0.36193
-5.2,0.3566,0.3566,0.3566,0.3566,0.3566,0.3566,0.3566,0.3566,0.3566,0.3566,0.3566,0.3566,0.3566,0.3566,0.3566,0.3566,0.3566,0.35661,0.35661,0.35661,0.35661,0.35661,0.35661,0.35662,0.35662,0.35663,0.35663,0.35664,0.35665,0.35666,0.35667,0.35669,0.35671,0.35673,0.35676,0.35679,0.35683,0.35688,0.35694,0.357,0.35708,0.35717,0.35728,0.3574,0.35754,0.35769,0.35786,0.35804,0.35823,0.35843,0.35863,0.35883,0.35903,0.35922,0.35941,0.35958,0.35973,0.35987,0.35999,0.3601,0.36019,0.36027,0.36034,0.3604,0.36045,0.36049,0.36052,0.36055,0.36058,0.3606,0.36061,0.36062,0.36064,0.36064,0.36065,0.36066,0.36066,0.36067,0.36067,0.36067,0.36068,0.36068,0.36068,0.36068,0.36068,0.36068,0.36068,0.36068,0.36068,0.36068,0.36068,0.36068,0.36068,0.36069,0.36069,0.36069,0.36069,0.36069,0.36069,0.36069,0.36069
-5.0,0.35509,0.35509,0.35509,0.35509,0.35509,0.35509,0.35509,0.35509,0.35509,0.35509,0.35509,0.35509,0.35509,0.35509,0.35509,0.3551,0.3551,0.3551,0.3551,0.3551,0.3551,0.3551,0.35511,0.35511,0.35511,0.35512,0.35512,0.35513,0.35514,0.35515,0.35516,0.35518,0.3552,0.35522,0.35525,0.35528,0.35532,0.35537,0.35543,0.35549,0.35557,0.35566,0.35577,0.35589,0.35603,0.35618,0.35634,0.35652,0.35671,0.35691,0.35712,0.35732,0.35752,0.35771,0.35789,0.35806,0.35821,0.35835,0.35848,0.35858,0.35868,0.35876,0.35882,0.35888,0.35893,0.35897,0.35901,0.35904,0.35906,0.35908,0.35909,0.35911,0.35912,0.35913,0.35914,0.35914,0.35915,0.35915,0.35915,0.35916,0.35916,0.35916,0.35916,0.35916,0.35916,0.35917,0.35917,0.35917,0.35917,0.35917,0.35917,0.35917,0.35917,0.35917,0.35917,0.35917,0.35917,0.35917,0.35917,0.35917,0.35917
-4.8,0.35326,0.35326,0.35326,0.35326,0.35326,0.35326,0.35326,0.35326,0.35326,0.35326,0.35326,0.35326,0.35326,0.35326,0.35326,0.35326,0.35326,0.35326,0.35327,0.35327,0.35327,0.35327,0.35327,0.35328,0.35328,0.35329,0.35329,0.3533,0.35331,0.35332,0.35333,0.35335,0.35337,0.35339,0.35342,0.35345,0.35349,0.35354,0.35359,0.35366,0.35374,0.35383,0.35393,0.35406,0.35419,0.35434,0.35451,0.35469,0.35488,0.35508,0.35528,0.35548,0.35568,0.35587,0.35605,0.35622,0.35637,0.35651,0.35663,0.35674,0.35683,0.35691,0.35698,0.35704,0.35709,0.35713,0.35716,0.35719,0.35722,0.35723,0.35725,0.35726,0.35728,0.35728,0.35729,0.3573,0.3573,0.35731,0.35731,0.35731,0.35732,0.35732,0.35732,0.35732,0.35732,0.35732,0.35732,0.35732,0.35732,0.35732,0.35732,0.35732,0.35732,0.35732,0.35732,0.35732,0.35732,0.35732,0.35732,0.35733,0.35733
-4.6,0.35103,0.35103,0.35103,0.35103,0.35103,0.35103,0.35103,0.35104,0.35104,0.35104,0.35104,0.35104,0.35104,0.35104,0.35104,0.35104,0.35104,0.35104,0.35104,0.35104,0.35104,0.35105,0.35105,0.35105,0.35106,0.35106,0.35107,0.35107,0.35108,0.35109,0.35111,0.35112,0.35114,0.35116,0.35119,0.35122,0.35126,0.35131,0.35137,0.35143,0.35151,0.3516,0.35171,0.35183,0.35196,0.35211,0.35228,0.35246,0.35265,0.35284,0.35304,0.35325,0.35344,0.35364,0.35382,0.35398,0.35414,0.35427,0.3544,0.3545,0.3546,0.35468,0.35474,0.3548,0.35485,0.35489,0.35492,0.35495,0.35498,0.355,0.35501,0.35502,0.35504,0.35504,0.35505,0.35506,0.35506,0.35507,0.35507,0.35507,0.35508,0.35508,0.35508,0.35508,0.35508,0.35508,0.35508,0.35508,0.35508,0.35508,0.35508,0.35508,0.35508,0.35509,0.35509,0.35509,0.35509,0.35509,0.35509,0.35509,0.35509
-4.4,0.34834,0.34834,0.34834,0.34834,0.34834,0.34834,0.34834,0.34834,0.34834,0.34834,0.34834,0.34834,0.34834,0.34834,0.34834,0.34834,0.34834,0.34834,0.34834,0.34835,0.34835,0.34835,0.34835,0.34836,0.34836,0.34836,0.34837,0.34838,0.34839,0.3484,0.34841,0.34843,0.34844,0.34847,0.34849,0.34853,0.34857,0.34861,0.34867,0.34874,0.34881,0.3489,0.34901,0.34913,0.34926,0.34941,0.34958,0.34975,0.34994,0.35014,0.35034,0.35054,0.35074,0.35093,0.3511,0.35127,0.35142,0.35156,0.35168,0.35179,0.35188,0.35196,0.35203,0.35209,0.35213,0.35218,0.35221,0.35224,0.35226,0.35228,0.3523,0.35231,0.35232,0.35233,0.35234,0.35234,0.35235,0.35235,0.35235,0.35236,0.35236,0.35236,0.35236,0.35236,0.35237,0.35237,0.35237,0.35237,0.35237,0.35237,0.35237,0.35237,0.35237,0.35237,0.35237,0.35237,0.35237,0.35237,0.35237,0.35237,0.35237
-4.2,0.34508,0.34508,0.34508,0.34508,0.34508,0.34508,0.34508,0.34508,0.34508,0.34508,0.34508,0.34508,0.34508,0.34508,0.34508,0.34508,0.34508,0.34508,0.34508,0.34508,0.34509,0.34509,0.34509,0.34509,0.3451,0.3451,0.34511,0.34512,0.34512,0.34514,0.34515,0.34516,0.34518,0.3452,0.34523,0.34526,0.3453,0.34535,0.34541,0.34547,0.34555,0.34564,0.34574,0.34586,0.34599,0.34614,0.3463,0.34648,0.34667,0.34686,0.34706,0.34726,0.34746,0.34765,0.34782,0.34799,0.34814,0.34828,0.3484,0.3485,0.3486,0.34867,0.34874,0.3488,0.34885,0.34889,0.34892,0.34895,0.34897,0.34899,0.34901,0.34902,0.34903,0.34904,0.34905,0.34905,0.34906,0.34906,0.34907,0.34907,0.34907,0.34907,0.34907,0.34908,0.34908,0.34908,0.34908,0.34908,0.34908,0.34908,0.34908,0.34908,0.34908,0.34908,0.34908,0.34908,0.34908,0.34908,0.34908,0.34908,0.34908
-4.0,0.34114,0.34114,0.34114,0.34114,0.34114,0.34114,0.34114,0.34114,0.34114,0.34114,0.34114,0.34114,0.34114,0.34114,0.34114,0.34114,0.34115,0.34115,0.34115,0.34115,0.34115,0.34115,0.34116,0.34116,0.34116,0.34117,0.34117,0.34118,0.34119,0.3412,0.34121,0.34123,0.34125,0.34127,0.34129,0.34133,0.34137,0.34141,0.34147,0.34153,0.34161,0.3417,0.3418,0.34192,0.34205,0.34219,0.34236,0.34253,0.34272,0.34291,0.34311,0.3433,0.3435,0.34369,0.34386,0.34403,0.34418,0.34431,0.34443,0.34454,0.34463,0.34471,0.34477,0.34483,0.34488,0.34492,0.34495,0.34498,0.345,0.34502,0.34504,0.34505,0.34506,0.34507,0.34508,0.34508,0.34509,0.34509,0.34509,0.3451,0.3451,0.3451,0.3451,0.3451,0.3451,0.34511,0.34511,0.34511,0.34511,0.34511,0.34511,0.34511,0.34511,0.34511,0.34511,0.34511,0.34511,0.34511,0.34511,0.34511,0.34511
-3.8,0.33641,0.33641,0.33641,0.33641,0.33641,0.33641,0.33641,0.33641,0.33641,0.33641,0.33641,0.33641,0.33641,0.33641,0.33641,0.33641,0.33641,0.33641,0.33641,0.33641,0.33642,0.33642,0.33642,0.33642,0.33643,0.33643,0.33644,0.33644,0.33645,0.33646,0.33648,0.33649,0.33651,0.33653,0.33656,0.33659,0.33663,0.33667,0.33673,0.33679,0.33687,0.33695,0.33705,0.33717,0.3373,0.33744,0.3376,0.33778,0.33796,0.33815,0.33834,0.33854,0.33873,0.33892,0.33909,0.33925,0.3394,0.33954,0.33965,0.33976,0.33985,0.33993,0.33999,0.34005,0.34009,0.34013,0.34017,0.34019,0.34022,0.34024,0.34025,0.34026,0.34028,0.34028,0.34029,0.3403,0.3403,0.34031,0.34031,0.34031,0.34031,0.34032,0.34032,0.34032,0.34032,0.34032,0.34032,0.34032,0.34032,0.34032,0.34032,0.34032,0.34032,0.34032,0.34032,0.34032,0.34032,0.34032,0.34032,0.34032,0.34032
-3.6,0.33073,0.33073,0.33073,0.33073,0.33073,0.33073,0.33073,0.33073,0.33073,0.33073,0.33073,0.33073,0.33073,0.33073,0.33073,0.33073,0.33074,0.33074,0.33074,0.33074,0.33074,0.33074,0.33074,0.33075,0.33075,0.33076,0.33076,0.33077,0.33078,0.33079,0.3308,0.33081,0.33083,0.33085,0.33088,0.33091,0.33095,0.33099,0.33105,0.33111,0.33118,0.33127,0.33137,0.33148,0.33161,0.33175,0.33191,0.33208,0.33226,0.33244,0.33263,0.33283,0.33301,0.3332,0.33337,0.33353,0.33367,0.3338,0.33392,0.33402,0.33411,0.33419,0.33425,0.33431,0.33435,0.33439,0.33443,0.33445,0.33448,0.33449,0.33451,0.33452,0.33453,0.33454,0.33455,0.33455,0.33456,0.33456,0.33457,0.33457,0.33457,0.33457,0.33457,0.33458,0.33458,0.33458,0.33458,0.33458,0.33458,0.33458,0.33458,0.33458,0.33458,0.33458,0.33458,0.33458,0.33458,0.33458,0.33458,0.33458,0.33458
-3.4,0.32396,0.32396,0.32396,0.32396,0.32396,0.32396,0.32396,0.32396,0.32396,0.32396,0.32396,0.32396,0.32397,0.32397,0.32397,0.32397,0.32397,0.32397,0.32397,0.32397,0.32397,0.32397,0.32398,0.32398,0.32398,0.32399,0.32399,0.324,0.32401,0.32402,0.32403,0.32404,0.32406,0.32408,0.32411,0.32414,0.32417,0.32422,0.32427,0.32433,0.3244,0.32449,0.32458,0.32469,0.32482,0.32496,0.32511,0.32527,0.32545,0.32563,0.32582,0.326,0.32619,0.32637,0.32653,0.32669,0.32683,0.32696,0.32707,0.32717,0.32726,0.32734,0.3274,0.32745,0.3275,0.32754,0.32757,0.3276,0.32762,0.32764,0.32765,0.32766,0.32767,0.32768,0.32769,0.32769,0.3277,0.3277,0.32771,0.32771,0.32771,0.32771,0.32771,0.32771,0.32772,0.32772,0.32772,0.32772,0.32772,0.32772,0.32772,0.32772,0.32772,0.32772,0.32772,0.32772,0.32772,0.32772,0.32772,0.32772,0.32772
-3.2,0.31594,0.31594,0.31594,0.31594,0.31594,0.31594,0.31594,0.31594,0.31594,0.31594,0.31595,0.31595,0.31595,0.31595,0.31595,0.31595,0.31595,0.31595,0.31595,0.31595,0.31595,0.31595,0.31596,0.31596,0.31596,0.31597,0.31597,0.31598,0.31599,0.316,0.31601,0.31602,0.31604,0.31606,0.31608,0.31611,0.31615,0.31619,0.31624,0.3163,0.31637,0.31645,0.31654,0.31665,0.31677,0.3169,0.31705,0.31721,0.31738,0.31755,0.31773,0.31791,0.31809,0.31826,0.31842,0.31858,0.31871,0.31884,0.31895,0.31904,0.31913,0.3192,0.31926,0.31931,0.31936,0.3194,0.31943,0.31945,0.31947,0.31949,0.31951,0.31952,0.31953,0.31954,0.31954,0.31955,0.31955,0.31956,0.31956,0.31956,0.31956,0.31957,0.31957,0.31957,0.31957,0.31957,0.31957,0.31957,0.31957,0.31957,0.31957,0.31957,0.31957,0.31957,0.31957,0.31957,0.31957,0.31957,0.31957,0.31957,0.31957
-3.0,0.30652,0.30652,0.30652,0.30652,0.30652,0.30652,0.30652,0.30652,0.30652,0.30652,0.30652,0.30652,0.30652,0.30652,0.30652,0.30652,0.30652,0.30652,0.30653,0.30653,0.30653,0.30653,0.30653,0.30653,0.30654,0.30654,0.30655,0.30655,0.30656,0.30657,0.30658,0.30659,0.30661,0.30663,0.30665,0.30668,0.30671,0.30675,0.3068,0.30685,0.30692,0.307,0.30709,0.30719,0.3073,0.30743,0.30757,0.30772,0.30788,0.30805,0.30822,0.30839,0.30856,0.30872,0.30888,0.30902,0.30915,0.30927,0.30938,0.30947,0.30955,0.30962,0.30968,0.30973,0.30977,0.3098,0.30983,0.30986,0.30988,0.3099,0.30991,0.30992,0.30993,0.30994,0.30994,0.30995,0.30995,0.30996,0.30996,0.30996,0.30997,0.30997,0.30997,0.30997,0.30997,0.30997,0.30997,0.30997,0.30997,0.30997,0.30997,0.30997,0.30997,0.30997,0.30997,0.30997,0.30997,0.30997,0.30997,0.30997,0.30997
-2.8,0.29556,0.29556,0.29556,0.29556,0.29556,0.29556,0.29556,0.29556,0.29556,0.29556,0.29556,0.29556,0.29556,0.29556,0.29556,0.29556,0.29556,0.29556,0.29557,0.29557,0.29557,0.29557,0.29557,0.29557,0.29558,0.29558,0.29559,0.29559,0.2956,0.29561,0.29562,0.29563,0.29564,0.29566,0.29568,0.29571,0.29574,0.29578,0.29582,0.29587,0.29593,0.296,0.29609,0.29618,0.29629,0.2964,0.29653,0.29667,0.29682,0.29698,0.29714,0.2973,0.29746,0.29761,0.29775,0.29789,0.29801,0.29812,0.29822,0.29831,0.29838,0.29845,0.2985,0.29855,0.29859,0.29862,0.29865,0.29867,0.29869,0.29871,0.29872,0.29873,0.29874,0.29875,0.29875,0.29876,0.29876,0.29877,0.29877,0.29877,0.29877,0.29877,0.29877,0.29878,0.29878,0.29878,0.29878,0.29878,0.29878,0.29878,0.29878,0.29878,0.29878,0.29878,0.29878,0.29878,0.29878,0.29878,0.29878,0.29878,0.29878
-2.6,0.28299,0.28299,0.28299,0.28299,0.28299,0.28299,0.28299,0.28299,0.28299,0.28299,0.28299,0.28299,0.28299,0.28299,0.28299,0.28299,0.28299,0.28299,0.283,0.283,0.283,0.283,0.283,0.283,0.28301,0.28301,0.28301,0.28302,0.28302,0.28303,0.28304,0.28305,0.28306,0.28308,0.2831,0.28312,0.28315,0.28318,0.28322,0.28327,0.28332,0.28339,0.28346,0.28355,0.28364,0.28375,0.28386,0.28399,0.28413,0.28427,0.28441,0.28456,0.2847,0.28484,0.28497,0.28509,0.2852,0.2853,0.28539,0.28547,0.28554,0.28559,0.28564,0.28569,0.28572,0.28575,0.28578,0.2858,0.28582,0.28583,0.28584,0.28585,0.28586,0.28587,0.28587,0.28588,0.28588,0.28588,0.28589,0.28589,0.28589,0.28589,0.28589,0.28589,0.28589,0.28589,0.2859,0.2859,0.2859,0.2859,0.2859,0.2859,0.2859,0.2859,0.2859,0.2859,0.2859,0.2859,0.2859,0.2859,0.2859
-2.4,0.26882,0.26882,0.26882,0.26882,0.26882,0.26882,0.26882,0.26882,0.26882,0.26882,0.26882,0.26882,0.26882,0.26882,0.26883,0.26883,0.26883,0.26883,0.26883,0.26883,0.26883,0.26883,0.26883,0.26883,0.26884,0.26884,0.26884,0.26885,0.26885,0.26886,0.26887,0.26888,0.26889,0.2689,0.26892,0.26894,0.26896,0.26899,0.26902,0.26906,0.26911,0.26916,0.26922,0.2693,0.26938,0.26947,0.26957,0.26968,0.26979,0.26991,0.27004,0.27016,0.27028,0.2704,0.27052,0.27062,0.27072,0.2708,0.27088,0.27095,0.27101,0.27106,0.2711,0.27114,0.27117,0.2712,0.27122,0.27124,0.27125,0.27126,0.27127,0.27128,0.27129,0.27129,0.2713,0.2713,0.27131,0.27131,0.27131,0.27131,0.27131,0.27132,0.27132,0.27132,0.27132,0.27132,0.27132,0.27132,0.27132,0.27132,0.27132,0.27132,0.27132,0.27132,0.27132,0.27132,0.27132,0.27132,0.27132,0.27132,0.27132
-2.2,0.25321,0.25321,0.25321,0.25321,0.25321,0.25321,0.25321,0.25321,0.25321,0.25321,0.25321,0.25321,0.25321,0.25321,0.25321,0.25321,0.25321,0.25321,0.25321,0.25321,0.25321,0.25321,0.25322,0.25322,0.25322,0.25322,0.25322,0.25323,0.25323,0.25324,0.25324,0.25325,0.25326,0.25327,0.25328,0.2533,0.25331,0.25334,0.25336,0.25339,0.25343,0.25347,0.25352,0.25358,0.25364,0.25371,0.25379,0.25388,0.25397,0.25406,0.25416,0.25426,0.25436,0.25445,0.25454,0.25462,0.2547,0.25477,0.25483,0.25489,0.25493,0.25497,0.25501,0.25504,0.25506,0.25508,0.2551,0.25512,0.25513,0.25514,0.25515,0.25515,0.25516,0.25516,0.25517,0.25517,0.25517,0.25518,0.25518,0.25518,0.25518,0.25518,0.25518,0.25518,0.25518,0.25518,0.25518,0.25518,0.25518,0.25518,0.25518,0.25518,0.25518,0.25518,0.25518,0.25518,0.25518,0.25518,0.25518,0.25518,0.25518
-2.0,0.23648,0.23648,0.23648,0.23648,0.23648,0.23648,0.23648,0.23648,0.23648,0.23648,0.23648,0.23648,0.23648,0.23648,0.23648,0.23648,0.23648,0.23648,0.23648,0.23648,0.23648,0.23648,0.23648,0.23648,0.23648,0.23649,0.23649,0.23649,0.23649,0.2365,0.2365,0.2365,0.23651,0.23652,0.23652,0.23653,0.23655,0.23656,0.23658,0.2366,0.23662,0.23665,0.23668,0.23672,0.23676,0.23681,0.23686,0.23692,0.23698,0.23704,0.2371,0.23717,0.23724,0.2373,0.23736,0.23742,0.23747,0.23752,0.23756,0.2376,0.23763,0.23766,0.23769,0.23771,0.23772,0.23774,0.23775,0.23776,0.23777,0.23778,0.23778,0.23779,0.23779,0.23779,0.2378,0.2378,0.2378,0.2378,0.2378,0.2378,0.23781,0.23781,0.23781,0.23781,0.23781,0.23781,0.23781,0.23781,0.23781,0.23781,0.23781,0.23781,0.23781,0.23781,0.23781,0.23781,0.23781,0.23781,0.23781,0.23781,0.23781
-1.8,0.21917,0.21917,0.21917,0.21917,0.21917,0.21917,0.21917,0.21917,0.21917,0.21917,0.21917,0.21917,0.21917,0.21917,0.21917,0.21917,0.21917,0.21917,0.21917,0.21917,0.21917,0.21917,0.21917,0.21917,0.21917,0.21917,0.21917,0.21917,0.21917,0.21917,0.21918,0.21918,0.21918,0.21918,0.21918,0.21919,0.21919,0.2192,0.2192,0.21921,0.21922,0.21923,0.21924,0.21926,0.21927,0.21929,0.21931,0.21933,0.21936,0.21939,0.21941,0.21944,0.21947,0.2195,0.21953,0.21955,0.21958,0.2196,0.21962,0.21963,0.21965,0.21966,0.21968,0.21968,0.21969,0.2197,0.21971,0.21971,0.21972,0.21972,0.21972,0.21972,0.21973,0.21973,0.21973,0.21973,0.21973,0.21973,0.21973,0.21973,0.21973,0.21973,0.21973,0.21973,0.21973,0.21973,0.21973,0.21973,0.21973,0.21973,0.21973,0.21973,0.21973,0.21973,0.21973,0.21973,0.21973,0.21973,0.21973,0.21973,0.21973
-1.6,0.20202,0.20202,0.20202,0.20202,0.20202,0.20202,0.20202,0.20202,0.20202,0.20202,0.20202,0.20202,0.20202,0.20202,0.20202,0.20202,0.20202,0.20202,0.20202,0.20202,0.20202,0.20202,0.20202,0.20202,0.20202,0.20202,0.20202,0.20201,0.20201,0.20201,0.20201,0.20201,0.20201,0.202,0.202,0.202,0.20199,0.20199,0.20198,0.20198,0.20197,0.20196,0.20195,0.20194,0.20192,0.20191,0.20189,0.20188,0.20186,0.20185,0.20183,0.20182,0.2018,0.20179,0.20178,0.20177,0.20176,0.20175,0.20174,0.20174,0.20174,0.20173,0.20173,0.20173,0.20172,0.20172,0.20172,0.20172,0.20172,0.20172,0.20172,0.20172,0.20172,0.20172,0.20172,0.20172,0.20172,0.20172,0.20172,0.20172,0.20172,0.20172,0.20172,0.20172,0.20172,0.20172,0.20172,0.20172,0.20172,0.20172,0.20172,0.20172,0.20172,0.20172,0.20172,0.20172,0.20172,0.20172,0.20172,0.20172,0.20172
-1.4,0.1859,0.1859,0.1859,0.1859,0.1859,0.1859,0.1859,0.1859,0.1859,0.1859,0.1859,0.1859,0.1859,0.1859,0.1859,0.1859,0.1859,0.1859,0.1859,0.1859,0.1859,0.1859,0.1859,0.1859,0.1859,0.1859,0.18589,0.18589,0.18589,0.18588,0.18588,0.18587,0.18587,0.18586,0.18585,0.18584,0.18583,0.18581,0.18579,0.18577,0.18574,0.18571,0.18568,0.18564,0.18559,0.18554,0.18549,0.18543,0.18537,0.18531,0.18525,0.18519,0.18513,0.18507,0.18502,0.18497,0.18492,0.18488,0.18485,0.18482,0.18479,0.18477,0.18475,0.18474,0.18472,0.18471,0.1847,0.1847,0.18469,0.18468,0.18468,0.18468,0.18467,0.18467,0.18467,0.18467,0.18467,0.18466,0.18466,0.18466,0.18466,0.18466,0.18466,0.18466,0.18466,0.18466,0.18466,0.18466,0.18466,0.18466,0.18466,0.18466,0.18466,0.18466,0.18466,0.18466,0.18466,0.18466,0.18466,0.18466,0.18466
-1.2,0.17173,0.17173,0.17173,0.17173,0.17173,0.17173,0.17173,0.17173,0.17173,0.17173,0.17173,0.17173,0.17173,0.17173,0.17173,0.17173,0.17173,0.17173,0.17172,0.17172,0.17172,0.17172,0.17172,0.17172,0.17172,0.17171,0.17171,0.17171,0.1717,0.17169,0.17169,0.17168,0.17167,0.17165,0.17164,0.17162,0.17159,0.17157,0.17153,0.1715,0.17145,0.1714,0.17134,0.17127,0.17119,0.17111,0.17101,0.17091,0.17081,0.1707,0.17059,0.17048,0.17037,0.17027,0.17017,0.17008,0.17,0.16993,0.16986,0.16981,0.16976,0.16972,0.16968,0.16965,0.16963,0.16961,0.16959,0.16958,0.16957,0.16956,0.16955,0.16954,0.16954,0.16953,0.16953,0.16952,0.16952,0.16952,0.16952,0.16952,0.16951,0.16951,0.16951,0.16951,0.16951,0.16951,0.16951,0.16951,0.16951,0.16951,0.16951,0.16951,0.16951,0.16951,0.16951,0.16951,0.16951,0.16951,0.16951,0.16951,0.16951
-1.0,0.16029,0.16029,0.16029,0.16029,0.16029,0.16029,0.16029,0.16029,0.16029,0.16029,0.16029,0.16029,0.16029,0.16029,0.16029,0.16029,0.16029,0.16029,0.16029,0.16028,0.16028,0.16028,0.16028,0.16028,0.16027,0.16027,0.16026,0.16026,0.16025,0.16024,0.16023,0.16022,0.1602,0.16018,0.16016,0.16013,0.1601,0.16006,0.16002,0.15996,0.1599,0.15983,0.15974,0.15964,0.15953,0.15941,0.15928,0.15914,0.15898,0.15883,0.15867,0.15851,0.15835,0.15821,0.15807,0.15794,0.15782,0.15771,0.15762,0.15754,0.15747,0.15741,0.15736,0.15731,0.15728,0.15725,0.15722,0.1572,0.15718,0.15717,0.15716,0.15715,0.15714,0.15713,0.15713,0.15712,0.15712,0.15712,0.15711,0.15711,0.15711,0.15711,0.15711,0.15711,0.15711,0.1571,0.1571,0.1571,0.1571,0.1571,0.1571,0.1571,0.1571,0.1571,0.1571,0.1571,0.1571,0.1571,0.1571,0.1571,0.1571
-0.8,0.15218,0.15218,0.15218,0.15218,0.15218,0.15218,0.15218,0.15218,0.15218,0.15218,0.15218,0.15218,0.15218,0.15218,0.15218,0.15218,0.15218,0.15218,0.15217,0.15217,0.15217,0.15217,0.15217,0.15216,0.15216,0.15215,0.15215,0.15214,0.15213,0.15212,0.15211,0.15209,0.15207,0.15205,0.15202,0.15198,0.15194,0.15189,0.15183,0.15176,0.15168,0.15158,0.15147,0.15135,0.15121,0.15105,0.15088,0.1507,0.1505,0.1503,0.15009,0.14989,0.14968,0.14949,0.14931,0.14914,0.14899,0.14885,0.14873,0.14862,0.14853,0.14845,0.14839,0.14833,0.14828,0.14824,0.14821,0.14818,0.14816,0.14814,0.14812,0.14811,0.1481,0.14809,0.14808,0.14808,0.14807,0.14807,0.14807,0.14806,0.14806,0.14806,0.14806,0.14806,0.14806,0.14806,0.14805,0.14805,0.14805,0.14805,0.14805,0.14805,0.14805,0.14805,0.14805,0.14805,0.14805,0.14805,0.14805,0.14805,0.14805
-0.6,0.14773,0.14773,0.14773,0.14773,0.14773,0.14773,0.14773,0.14773,0.14773,0.14773,0.14773,0.14773,0.14773,0.14773,0.14773,0.14773,0.14773,0.14773,0.14772,0.14772,0.14772,0.14772,0.14771,0.14771,0.14771,0.1477,0.14769,0.14768,0.14767,0.14766,0.14764,0.14762,0.1476,0.14757,0.14753,0.14749,0.14744,0.14738,0.14731,0.14722,0.14712,0.14701,0.14687,0.14672,0.14655,0.14636,0.14615,0.14593,0.14569,0.14544,0.14519,0.14494,0.14469,0.14446,0.14424,0.14403,0.14384,0.14368,0.14353,0.1434,0.14329,0.14319,0.14311,0.14304,0.14298,0.14293,0.14289,0.14286,0.14283,0.1428,0.14278,0.14277,0.14276,0.14274,0.14274,0.14273,0.14272,0.14272,0.14271,0.14271,0.14271,0.14271,0.1427,0.1427,0.1427,0.1427,0.1427,0.1427,0.1427,0.1427,0.1427,0.1427,0.1427,0.1427,0.1427,0.1427,0.1427,0.1427,0.1427,0.1427,0.1427
-0.4,0.14702,0.14702,0.14702,0.14702,0.14702,0.14702,0.14702,0.14702,0.14702,0.14702,0.14702,0.14702,0.14702,0.14701,0.14701,0.14701,0.14701,0.14701,0.14701,0.14701,0.147,0.147,0.147,0.14699,0.14699,0.14698,0.14697,0.14696,0.14695,0.14693,0.14691,0.14689,0.14686,0.14683,0.14678,0.14673,0.14668,0.1466,0.14652,0.14642,0.14631,0.14617,0.14601,0.14584,0.14564,0.14541,0.14517,0.1449,0.14463,0.14434,0.14404,0.14375,0.14346,0.14318,0.14292,0.14268,0.14246,0.14226,0.14209,0.14193,0.1418,0.14169,0.14159,0.14151,0.14144,0.14138,0.14133,0.14129,0.14126,0.14123,0.14121,0.14119,0.14117,0.14116,0.14115,0.14114,0.14114,0.14113,0.14113,0.14112,0.14112,0.14112,0.14111,0.14111,0.14111,0.14111,0.14111,0.14111,0.14111,0.14111,0.14111,0.14111,0.14111,0.14111,0.1411,0.1411,0.1411,0.1411,0.1411,0.1411,0.1411
-0.2,0.14988,0.14988,0.14988,0.14988,0.14988,0.14988,0.14988,0.14988,0.14988,0.14988,0.14988,0.14988,0.14988,0.14988,0.14988,0.14988,0.14988,0.14988,0.14987,0.14987,0.14987,0.14986,0.14986,0.14985,0.14985,0.14984,0.14983,0.14982,0.1498,0.14978,0.14976,0.14974,0.1497,0.14966,0.14962,0.14956,0.14949,0.14941,0.14932,0.1492,0.14907,0.14892,0.14874,0.14854,0.14831,0.14805,0.14777,0.14747,0.14715,0.14682,0.14648,0.14615,0.14582,0.1455,0.1452,0.14492,0.14467,0.14444,0.14424,0.14407,0.14392,0.14379,0.14367,0.14358,0.1435,0.14344,0.14338,0.14333,0.1433,0.14326,0.14324,0.14322,0.1432,0.14318,0.14317,0.14316,0.14315,0.14315,0.14314,0.14314,0.14313,0.14313,0.14313,0.14313,0.14313,0.14312,0.14312,0.14312,0.14312,0.14312,0.14312,0.14312,0.14312,0.14312,0.14312,0.14312,0.14312,0.14312,0.14312,0.14312,0.14312
0.0,0.15599,0.15599,0.15599,0.15599,0.15599,0.15599,0.15599,0.15599,0.15599,0.15599,0.15599,0.15598,0.15598,0.15598,0.15598,0.15598,0.15598,0.15598,0.15597,0.15597,0.15597,0.15596,0.15596,0.15595,0.15595,0.15594,0.15593,0.15591,0.15589,0.15587,0.15585,0.15582,0.15578,0.15574,0.15569,0.15563,0.15555,0.15546,0.15535,0.15523,0.15508,0.1549,0.1547,0.15448,0.15422,0.15393,0.15362,0.15328,0.15293,0.15256,0.15218,0.1518,0.15143,0.15107,0.15073,0.15042,0.15014,0.14989,0.14966,0.14946,0.14929,0.14915,0.14902,0.14891,0.14883,0.14875,0.14869,0.14864,0.14859,0.14856,0.14853,0.1485,0.14848,0.14847,0.14845,0.14844,0.14843,0.14843,0.14842,0.14842,0.14841,0.14841,0.14841,0.1484,0.1484,0.1484,0.1484,0.1484,0.1484,0.1484,0.1484,0.1484,0.1484,0.14839,0.14839,0.14839,0.14839,0.14839,0.14839,0.14839,0.14839
0.2,0.16482,0.16482,0.16482,0.16482,0.16482,0.16482,0.16482,0.16482,0.16482,0.16482,0.16482,0.16482,0.16482,0.16482,0.16482,0.16482,0.16481,0.16481,0.16481,0.16481,0.1648,0.1648,0.16479,0.16478,0.16478,0.16477,0.16475,0.16474,0.16472,0.1647,0.16467,0.16464,0.1646,0.16455,0.16449,0.16442,0.16434,0.16424,0.16412,0.16398,0.16382,0.16363,0.16341,0.16316,0.16288,0.16256,0.16222,0.16184,0.16145,0.16104,0.16062,0.1602,0.15979,0.1594,0.15903,0.15868,0.15837,0.15809,0.15784,0.15762,0.15743,0.15727,0.15713,0.15701,0.15691,0.15683,0.15676,0.15671,0.15666,0.15662,0.15659,0.15656,0.15654,0.15652,0.1565,0.15649,0.15648,0.15647,0.15647,0.15646,0.15646,0.15645,0.15645,0.15645,0.15645,0.15644,0.15644,0.15644,0.15644,0.15644,0.15644,0.15644,0.15644,0.15644,0.15644,0.15644,0.15644,0.15644,0.15644,0.15644,0.15644
0.4,0.17576,0.17576,0.17576,0.17576,0.17576,0.17576,0.17576,0.17576,0.17576,0.17576,0.17576,0.17576,0.17576,0.17576,0.17576,0.17576,0.17575,0.17575,0.17575,0.17575,0.17574,0.17574,0.17573,0.17572,0.17571,0.1757,0.17569,0.17567,0.17565,0.17563,0.1756,0.17556,0.17552,0.17547,0.17541,0.17533,0.17524,0.17513,0.175,0.17485,0.17468,0.17447,0.17423,0.17396,0.17365,0.17331,0.17293,0.17253,0.1721,0.17165,0.1712,0.17074,0.1703,0.16987,0.16946,0.16909,0.16875,0.16844,0.16817,0.16793,0.16772,0.16755,0.1674,0.16727,0.16716,0.16707,0.16699,0.16693,0.16688,0.16684,0.1668,0.16677,0.16675,0.16673,0.16671,0.1667,0.16669,0.16668,0.16667,0.16667,0.16666,0.16666,0.16665,0.16665,0.16665,0.16665,0.16665,0.16664,0.16664,0.16664,0.16664,0.16664,0.16664,0.16664,0.16664,0.16664,0.16664,0.16664,0.16664,0.16664,0.16664
0.6,0.18812,0.18812,0.18812,0.18812,0.18812,0.18812,0.18812,0.18812,0.18811,0.18811,0.18811,0.18811,0.18811,0.18811,0.18811,0.18811,0.18811,0.1881,0.1881,0.1881,0.18809,0.18809,0.18808,0.18807,0.18806,0.18805,0.18804,0.18802,0.188,0.18797,0.18794,0.1879,0.18786,0.1878,0.18773,0.18765,0.18756,0.18744,0.1873,0.18714,0.18695,0.18673,0.18647,0.18618,0.18585,0.18549,0.18508,0.18465,0.18419,0.18371,0.18322,0.18274,0.18226,0.1818,0.18136,0.18096,0.18059,0.18026,0.17997,0.17971,0.17949,0.1793,0.17914,0.179,0.17889,0.17879,0.17871,0.17864,0.17858,0.17854,0.1785,0.17847,0.17844,0.17842,0.1784,0.17839,0.17838,0.17837,0.17836,0.17835,0.17835,0.17834,0.17834,0.17834,0.17833,0.17833,0.17833,0.17833,0.17833,0.17833,0.17833,0.17833,0.17833,0.17833,0.17833,0.17833,0.17833,0.17832,0.17832,0.17832,0.17832
0.8,0.20119,0.20119,0.20119,0.20119,0.20119,0.20119,0.20119,0.20119,0.20119,0.20119,0.20118,0.20118,0.20118,0.20118,0.20118,0.20118,0.20118,0.20117,0.20117,0.20117,0.20116,0.20116,0.20115,0.20114,0.20113,0.20112,0.2011,0.20109,0.20106,0.20104,0.201,0.20096,0.20091,0.20085,0.20078,0.2007,0.2006,0.20047,0.20033,0.20016,0.19996,0.19972,0.19945,0.19914,0.1988,0.19841,0.19798,0.19752,0.19704,0.19653,0.19601,0.19549,0.19499,0.1945,0.19404,0.19361,0.19322,0.19287,0.19256,0.19229,0.19205,0.19185,0.19168,0.19153,0.19141,0.19131,0.19122,0.19115,0.19109,0.19104,0.191,0.19097,0.19094,0.19092,0.1909,0.19088,0.19087,0.19086,0.19085,0.19085,0.19084,0.19084,0.19083,0.19083,0.19083,0.19082,0.19082,0.19082,0.19082,0.19082,0.19082,0.19082,0.19082,0.19082,0.19082,0.19082,0.19082,0.19082,0.19081,0.19081,0.19081
1.0,0.21435,0.21435,0.21435,0.21435,0.21435,0.21435,0.21435,0.21435,0.21435,0.21435,0.21434,0.21434,0.21434,0.21434,0.21434,0.21434,0.21434,0.21433,0.21433,0.21433,0.21432,0.21432,0.21431,0.2143,0.21429,0.21428,0.21426,0.21424,0.21422,0.21419,0.21415,0.21411,0.21406,0.214,0.21393,0.21384,0.21373,0.2136,0.21345,0.21327,0.21306,0.21282,0.21254,0.21221,0.21185,0.21144,0.211,0.21052,0.21001,0.20948,0.20894,0.20839,0.20786,0.20735,0.20687,0.20642,0.20601,0.20565,0.20532,0.20504,0.20479,0.20458,0.2044,0.20424,0.20411,0.20401,0.20392,0.20384,0.20378,0.20373,0.20368,0.20365,0.20362,0.2036,0.20358,0.20356,0.20355,0.20354,0.20353,0.20352,0.20351,0.20351,0.20351,0.2035,0.2035,0.2035,0.2035,0.20349,0.20349,0.20349,0.20349,0.20349,0.20349,0.20349,0.20349,0.20349,0.20349,0.20349,0.20349,0.20349,0.20349
1.2,0.22708,0.22708,0.22708,0.22708,0.22708,0.22708,0.22708,0.22708,0.22708,0.22708,0.22708,0.22708,0.22708,0.22708,0.22708,0.22707,0.22707,0.22707,0.22707,0.22706,0.22706,0.22705,0.22704,0.22703,0.22702,0.22701,0.22699,0.22697,0.22695,0.22692,0.22688,0.22684,0.22679,0.22672,0.22665,0.22656,0.22645,0.22631,0.22616,0.22597,0.22575,0.2255,0.22521,0.22488,0.2245,0.22408,0.22362,0.22312,0.22259,0.22204,0.22148,0.22092,0.22037,0.21984,0.21934,0.21888,0.21845,0.21807,0.21773,0.21744,0.21718,0.21696,0.21677,0.21661,0.21648,0.21637,0.21627,0.21619,0.21613,0.21608,0.21603,0.216,0.21597,0.21594,0.21592,0.2159,0.21589,0.21588,0.21587,0.21586,0.21586,0.21585,0.21585,0.21584,0.21584,0.21584,0.21584,0.21584,0.21583,0.21583,0.21583,0.21583,0.21583,0.21583,0.21583,0.21583,0.21583,0.21583,0.21583,0.21583,0.21583
1.4,0.23902,0.23902,0.23902,0.23902,0.23902,0.23902,0.23902,0.23902,0.23902,0.23902,0.23902,0.23902,0.23902,0.23901,0.23901,0.23901,0.23901,0.23901,0.239,0.239,0.23899,0.23899,0.23898,0.23897,0.23896,0.23895,0.23893,0.23891,0.23888,0.23885,0.23882,0.23877,0.23872,0.23865,0.23857,0.23848,0.23837,0.23823,0.23807,0.23788,0.23766,0.2374,0.2371,0.23676,0.23637,0.23594,0.23547,0.23495,0.23441,0.23385,0.23327,0.23269,0.23213,0.23158,0.23107,0.23059,0.23016,0.22976,0.22942,0.22911,0.22885,0.22862,0.22843,0.22826,0.22812,0.22801,0.22791,0.22783,0.22777,0.22771,0.22766,0.22763,0.2276,0.22757,0.22755,0.22753,0.22752,0.22751,0.2275,0.22749,0.22748,0.22748,0.22747,0.22747,0.22747,0.22747,0.22746,0.22746,0.22746,0.22746,0.22746,0.22746,0.22746,0.22746,0.22746,0.22746,0.22746,0.22746,0.22746,0.22746,0.22746
1.6,0.24992,0.24992,0.24992,0.24992,0.24992,0.24992,0.24992,0.24992,0.24992,0.24992,0.24992,0.24992,0.24992,0.24992,0.24991,0.24991,0.24991,0.24991,0.2499,0.2499,0.24989,0.24989,0.24988,0.24987,0.24986,0.24984,0.24983,0.24981,0.24978,0.24975,0.24971,0.24967,0.24961,0.24955,0.24947,0.24937,0.24925,0.24912,0.24895,0.24876,0.24853,0.24827,0.24796,0.24761,0.24722,0.24678,0.2463,0.24578,0.24522,0.24465,0.24406,0.24347,0.24289,0.24234,0.24181,0.24132,0.24088,0.24048,0.24012,0.23981,0.23954,0.23931,0.23911,0.23894,0.2388,0.23868,0.23859,0.2385,0.23844,0.23838,0.23833,0.23829,0.23826,0.23824,0.23821,0.2382,0.23818,0.23817,0.23816,0.23815,0.23815,0.23814,0.23814,0.23813,0.23813,0.23813,0.23813,0.23812,0.23812,0.23812,0.23812,0.23812,0.23812,0.23812,0.23812,0.23812,0.23812,0.23812,0.23812,0.23812,0.23812
1.8,0.25967,0.25967,0.25967,0.25967,0.25967,0.25967,0.25967,0.25967,0.25967,0.25967,0.25967,0.25966,0.25966,0.25966,0.25966,0.25966,0.25966,0.25965,0.25965,0.25965,0.25964,0.25963,0.25963,0.25962,0.2596,0.25959,0.25957,0.25955,0.25953,0.2595,0.25946,0.25941,0.25936,0.25929,0.25921,0.25911,0.25899,0.25885,0.25869,0.25849,0.25826,0.25799,0.25768,0.25733,0.25693,0.25648,0.25599,0.25547,0.25491,0.25432,0.25372,0.25313,0.25254,0.25197,0.25144,0.25094,0.25049,0.25008,0.24972,0.24941,0.24913,0.2489,0.2487,0.24853,0.24838,0.24826,0.24816,0.24808,0.24801,0.24795,0.2479,0.24786,0.24783,0.24781,0.24778,0.24777,0.24775,0.24774,0.24773,0.24772,0.24772,0.24771,0.24771,0.2477,0.2477,0.2477,0.24769,0.24769,0.24769,0.24769,0.24769,0.24769,0.24769,0.24769,0.24769,0.24769,0.24769,0.24769,0.24769,0.24769,0.24769
2.0,0.26824,0.26824,0.26824,0.26824,0.26824,0.26824,0.26823,0.26823,0.26823,0.26823,0.26823,0.26823,0.26823,0.26823,0.26823,0.26823,0.26822,0.26822,0.26822,0.26821,0.26821,0.2682,0.26819,0.26818,0.26817,0.26816,0.26814,0.26812,0.26809,0.26806,0.26802,0.26798,0.26792,0.26785,0.26777,0.26767,0.26755,0.26741,0.26725,0.26705,0.26682,0.26654,0.26623,0.26587,0.26547,0.26502,0.26453,0.26399,0.26342,0.26283,0.26223,0.26163,0.26103,0.26046,0.25992,0.25942,0.25896,0.25855,0.25818,0.25786,0.25759,0.25735,0.25714,0.25697,0.25683,0.2567,0.2566,0.25652,0.25645,0.25639,0.25634,0.2563,0.25627,0.25624,0.25622,0.2562,0.25619,0.25618,0.25617,0.25616,0.25615,0.25615,0.25614,0.25614,0.25613,0.25613,0.25613,0.25613,0.25613,0.25613,0.25613,0.25612,0.25612,0.25612,0.25612,0.25612,0.25612,0.25612,0.25612,0.25612,0.25612
2.2,0.27566,0.27566,0.27566,0.27566,0.27566,0.27566,0.27566,0.27566,0.27566,0.27566,0.27566,0.27566,0.27566,0.27566,0.27566,0.27565,0.27565,0.27565,0.27564,0.27564,0.27564,0.27563,0.27562,0.27561,0.2756,0.27558,0.27557,0.27555,0.27552,0.27549,0.27545,0.2754,0.27535,0.27528,0.2752,0.2751,0.27498,0.27484,0.27467,0.27447,0.27423,0.27396,0.27365,0.27329,0.27288,0.27243,0.27193,0.27139,0.27082,0.27022,0.26961,0.26901,0.26841,0.26783,0.26729,0.26678,0.26632,0.2659,0.26553,0.26521,0.26493,0.26469,0.26449,0.26431,0.26416,0.26404,0.26394,0.26385,0.26378,0.26372,0.26368,0.26364,0.2636,0.26358,0.26355,0.26354,0.26352,0.26351,0.2635,0.26349,0.26348,0.26348,0.26347,0.26347,0.26347,0.26346,0.26346,0.26346,0.26346,0.26346,0.26346,0.26346,0.26346,0.26346,0.26345,0.26345,0.26345,0.26345,0.26345,0.26345,0.26345
2.4,0.28203,0.28203,0.28203,0.28203,0.28203,0.28203,0.28203,0.28203,0.28203,0.28203,0.28203,0.28203,0.28203,0.28203,0.28202,0.28202,0.28202,0.28202,0.28201,0.28201,0.282,0.282,0.28199,0.28198,0.28197,0.28195,0.28194,0.28191,0.28189,0.28186,0.28182,0.28177,0.28171,0.28165,0.28156,0.28146,0.28134,0.2812,0.28103,0.28083,0.2806,0.28032,0.28001,0.27964,0.27923,0.27878,0.27828,0.27774,0.27716,0.27656,0.27595,0.27534,0.27474,0.27416,0.27361,0.2731,0.27264,0.27222,0.27185,0.27152,0.27124,0.271,0.27079,0.27062,0.27047,0.27035,0.27024,0.27016,0.27009,0.27003,0.26998,0.26994,0.2699,0.26988,0.26986,0.26984,0.26982,0.26981,0.2698,0.26979,0.26978,0.26978,0.26977,0.26977,0.26977,0.26976,0.26976,0.26976,0.26976,0.26976,0.26976,0.26976,0.26976,0.26976,0.26975,0.26975,0.26975,0.26975,0.26975,0.26975,0.26975
2.6,0.28745,0.28745,0.28745,0.28745,0.28745,0.28745,0.28745,0.28744,0.28744,0.28744,0.28744,0.28744,0.28744,0.28744,0.28744,0.28744,0.28743,0.28743,0.28743,0.28742,0.28742,0.28741,0.2874,0.28739,0.28738,0.28737,0.28735,0.28733,0.2873,0.28727,0.28723,0.28718,0.28713,0.28706,0.28697,0.28687,0.28675,0.28661,0.28644,0.28624,0.286,0.28573,0.28541,0.28505,0.28464,0.28418,0.28368,0.28314,0.28256,0.28196,0.28134,0.28073,0.28012,0.27954,0.27899,0.27848,0.27801,0.27759,0.27722,0.2769,0.27661,0.27637,0.27616,0.27598,0.27584,0.27571,0.27561,0.27552,0.27545,0.27539,0.27534,0.2753,0.27527,0.27524,0.27522,0.2752,0.27519,0.27517,0.27516,0.27515,0.27515,0.27514,0.27514,0.27513,0.27513,0.27513,0.27513,0.27512,0.27512,0.27512,0.27512,0.27512,0.27512,0.27512,0.27512,0.27512,0.27512,0.27512,0.27512,0.27512,0.27512
2.8,0.29201,0.29201,0.29201,0.29201,0.29201,0.29201,0.29201,0.29201,0.29201,0.29201,0.29201,0.29201,0.29201,0.29201,0.29201,0.292,0.292,0.292,0.29199,0.29199,0.29198,0.29198,0.29197,0.29196,0.29195,0.29193,0.29192,0.29189,0.29187,0.29184,0.2918,0.29175,0.29169,0.29162,0.29154,0.29144,0.29132,0.29118,0.29101,0.29081,0.29057,0.29029,0.28997,0.28961,0.2892,0.28874,0.28824,0.28769,0.28712,0.28651,0.2859,0.28528,0.28467,0.28409,0.28354,0.28303,0.28256,0.28214,0.28176,0.28143,0.28115,0.28091,0.2807,0.28052,0.28037,0.28025,0.28014,0.28006,0.27998,0.27992,0.27988,0.27984,0.2798,0.27977,0.27975,0.27973,0.27972,0.27971,0.2797,0.27969,0.27968,0.27967,0.27967,0.27967,0.27966,0.27966,0.27966,0.27966,0.27965,0.27965,0.27965,0.27965,0.27965,0.27965,0.27965,0.27965,0.27965,0.27965,0.27965,0.27965,0.27965
3.0,0.29585,0.29585,0.29585,0.29585,0.29585,0.29585,0.29584,0.29584,0.29584,0.29584,0.29584,0.29584,0.29584,0.29584,0.29584,0.29584,0.29583,0.29583,0.29583,0.29582,0.29582,0.29581,0.2958,0.29579,0.29578,0.29577,0.29575,0.29573,0.2957,0.29567,0.29563,0.29558,0.29552,0.29546,0.29537,0.29527,0.29515,0.29501,0.29484,0.29464,0.2944,0.29412,0.2938,0.29344,0.29303,0.29257,0.29206,0.29152,0.29094,0.29034,0.28972,0.2891,0.28849,0.28791,0.28735,0.28684,0.28637,0.28595,0.28557,0.28525,0.28496,0.28472,0.28451,0.28433,0.28418,0.28406,0.28395,0.28386,0.28379,0.28373,0.28368,0.28364,0.28361,0.28358,0.28356,0.28354,0.28353,0.28351,0.2835,0.28349,0.28349,0.28348,0.28348,0.28347,0.28347,0.28347,0.28347,0.28346,0.28346,0.28346,0.28346,0.28346,0.28346,0.28346,0.28346,0.28346,0.28346,0.28346,0.28346,0.28346,0.28346
3.2,0.29905,0.29905,0.29905,0.29905,0.29905,0.29905,0.29904,0.29904,0.29904,0.29904,0.29904,0.29904,0.29904,0.29904,0.29904,0.29904,0.29903,0.29903,0.29903,0.29902,0.29902,0.29901,0.299,0.29899,0.29898,0.29897,0.29895,0.29893,0.2989,0.29887,0.29883,0.29878,0.29872,0.29865,0.29857,0.29847,0.29835,0.29821,0.29804,0.29783,0.2976,0.29732,0.297,0.29664,0.29622,0.29576,0.29526,0.29471,0.29413,0.29353,0.29291,0.29229,0.29168,0.2911,0.29054,0.29003,0.28956,0.28914,0.28876,0.28843,0.28815,0.2879,0.28769,0.28751,0.28736,0.28724,0.28713,0.28705,0.28697,0.28692,0.28687,0.28683,0.28679,0.28676,0.28674,0.28672,0.28671,0.28669,0.28668,0.28668,0.28667,0.28666,0.28666,0.28666,0.28665,0.28665,0.28665,0.28665,0.28664,0.28664,0.28664,0.28664,0.28664,0.28664,0.28664,0.28664,0.28664,0.28664,0.28664,0.28664,0.28664
3.4,0.30171,0.30171,0.30171,0.30171,0.30171,0.30171,0.30171,0.30171,0.30171,0.30171,0.30171,0.3017,0.3017,0.3017,0.3017,0.3017,0.3017,0.30169,0.30169,0.30168,0.30168,0.30167,0.30166,0.30165,0.30164,0.30163,0.30161,0.30159,0.30156,0.30153,0.30149,0.30144,0.30139,0.30132,0.30123,0.30113,0.30101,0.30087,0.3007,0.3005,0.30026,0.29998,0.29966,0.2993,0.29889,0.29843,0.29792,0.29737,0.29679,0.29619,0.29557,0.29495,0.29434,0.29375,0.2932,0.29268,0.29221,0.29179,0.29141,0.29108,0.2908,0.29055,0.29034,0.29016,0.29001,0.28989,0.28978,0.2897,0.28963,0.28957,0.28952,0.28948,0.28944,0.28941,0.28939,0.28937,0.28936,0.28934,0.28933,0.28933,0.28932,0.28931,0.28931,0.28931,0.2893,0.2893,0.2893,0.2893,0.28929,0.28929,0.28929,0.28929,0.28929,0.28929,0.28929,0.28929,0.28929,0.28929,0.28929,0.28929,0.28929
3.6,0.30392,0.30392,0.30392,0.30392,0.30392,0.30392,0.30392,0.30392,0.30392,0.30391,0.30391,0.30391,0.30391,0.30391,0.30391,0.30391,0.3039,0.3039,0.3039,0.30389,0.30389,0.30388,0.30387,0.30386,0.30385,0.30384,0.30382,0.3038,0.30377,0.30374,0.3037,0.30365,0.30359,0.30353,0.30344,0.30334,0.30322,0.30308,0.30291,0.3027,0.30247,0.30219,0.30187,0.30151,0.30109,0.30063,0.30013,0.29958,0.299,0.29839,0.29777,0.29715,0.29654,0.29596,0.2954,0.29489,0.29442,0.29399,0.29362,0.29329,0.293,0.29275,0.29254,0.29236,0.29222,0.29209,0.29198,0.2919,0.29183,0.29177,0.29172,0.29168,0.29164,0.29161,0.29159,0.29157,0.29156,0.29154,0.29153,0.29153,0.29152,0.29151,0.29151,0.2915,0.2915,0.2915,0.2915,0.2915,0.29149,0.29149,0.29149,0.29149,0.29149,0.29149,0.29149,0.29149,0.29149,0.29149,0.29149,0.29149,0.29149
3.8,0.30574,0.30574,0.30574,0.30574,0.30574,0.30574,0.30574,0.30574,0.30574,0.30574,0.30574,0.30574,0.30574,0.30574,0.30574,0.30573,0.30573,0.30573,0.30573,0.30572,0.30572,0.30571,0.3057,0.30569,0.30568,0.30566,0.30565,0.30562,0.3056,0.30557,0.30553,0.30548,0.30542,0.30535,0.30527,0.30517,0.30505,0.3049,0.30473,0.30453,0.30429,0.30402,0.3037,0.30333,0.30292,0.30246,0.30195,0.30141,0.30082,0.30022,0.2996,0.29898,0.29837,0.29778,0.29723,0.29671,0.29624,0.29581,0.29544,0.29511,0.29482,0.29457,0.29436,0.29419,0.29404,0.29391,0.29381,0.29372,0.29365,0.29359,0.29354,0.2935,0.29346,0.29343,0.29341,0.29339,0.29338,0.29337,0.29336,0.29335,0.29334,0.29333,0.29333,0.29333,0.29332,0.29332,0.29332,0.29332,0.29331,0.29331,0.29331,0.29331,0.29331,0.29331,0.29331,0.29331,0.29331,0.29331,0.29331,0.29331,0.29331
4.0,0.30725,0.30725,0.30725,0.30725,0.30725,0.30725,0.30725,0.30725,0.30725,0.30725,0.30725,0.30725,0.30725,0.30725,0.30725,0.30724,0.30724,0.30724,0.30723,0.30723,0.30722,0.30722,0.30721,0.3072,0.30719,0.30717,0.30716,0.30713,0.30711,0.30708,0.30704,0.30699,0.30693,0.30686,0.30678,0.30668,0.30656,0.30641,0.30624,0.30604,0.3058,0.30553,0.30521,0.30484,0.30443,0.30397,0.30346,0.30291,0.30233,0.30173,0.30111,0.30049,0.29988,0.29929,0.29873,0.29822,0.29774,0.29732,0.29694,0.29661,0.29633,0.29608,0.29587,0.29569,0.29554,0.29542,0.29531,0.29522,0.29515,0.29509,0.29504,0.295,0.29497,0.29494,0.29492,0.2949,0.29488,0.29487,0.29486,0.29485,0.29484,0.29484,0.29483,0.29483,0.29483,0.29482,0.29482,0.29482,0.29482,0.29482,0.29482,0.29482,0.29482,0.29482,0.29481,0.29481,0.29481,0.29481,0.29481,0.29481,0.29481
4.2,0.3085,0.3085,0.3085,0.3085,0.3085,0.3085,0.3085,0.3085,0.3085,0.3085,0.3085,0.30849,0.30849,0.30849,0.30849,0.30849,0.30849,0.30848,0.30848,0.30847,0.30847,0.30846,0.30845,0.30844,0.30843,0.30842,0.3084,0.30838,0.30835,0.30832,0.30828,0.30823,0.30818,0.30811,0.30802,0.30792,0.3078,0.30766,0.30749,0.30729,0.30705,0.30677,0.30645,0.30609,0.30567,0.30521,0.30471,0.30416,0.30358,0.30297,0.30235,0.30173,0.30112,0.30053,0.29998,0.29946,0.29899,0.29856,0.29819,0.29786,0.29757,0.29732,0.29711,0.29693,0.29678,0.29666,0.29655,0.29647,0.29639,0.29633,0.29628,0.29624,0.29621,0.29618,0.29616,0.29614,0.29612,0.29611,0.2961,0.29609,0.29609,0.29608,0.29608,0.29607,0.29607,0.29607,0.29606,0.29606,0.29606,0.29606,0.29606,0.29606,0.29606,0.29606,0.29606,0.29606,0.29606,0.29606,0.29605,0.29605,0.29605
4.4,0.30952,0.30952,0.30952,0.30952,0.30952,0.30952,0.30952,0.30952,0.30952,0.30952,0.30952,0.30952,0.30952,0.30952,0.30951,0.30951,0.30951,0.30951,0.3095,0.3095,0.30949,0.30949,0.30948,0.30947,0.30946,0.30944,0.30942,0.3094,0.30938,0.30934,0.30931,0.30926,0.3092,0.30913,0.30905,0.30895,0.30883,0.30868,0.30851,0.30831,0.30807,0.3078,0.30748,0.30711,0.3067,0.30624,0.30573,0.30518,0.3046,0.304,0.30338,0.30275,0.30214,0.30156,0.301,0.30048,0.30001,0.29959,0.29921,0.29888,0.29859,0.29834,0.29813,0.29796,0.29781,0.29768,0.29757,0.29749,0.29741,0.29735,0.29731,0.29726,0.29723,0.2972,0.29718,0.29716,0.29715,0.29713,0.29712,0.29711,0.29711,0.2971,0.2971,0.29709,0.29709,0.29709,0.29709,0.29708,0.29708,0.29708,0.29708,0.29708,0.29708,0.29708,0.29708,0.29708,0.29708,0.29708,0.29708,0.29708,0.29708
4.6,0.31037,0.31037,0.31037,0.31037,0.31037,0.31037,0.31037,0.31036,0.31036,0.31036,0.31036,0.31036,0.31036,0.31036,0.31036,0.31036,0.31035,0.31035,0.31035,0.31034,0.31034,0.31033,0.31032,0.31031,0.3103,0.31029,0.31027,0.31025,0.31022,0.31019,0.31015,0.3101,0.31004,0.30997,0.30989,0.30979,0.30967,0.30953,0.30935,0.30915,0.30892,0.30864,0.30832,0.30795,0.30754,0.30708,0.30657,0.30603,0.30544,0.30484,0.30422,0.3036,0.30299,0.3024,0.30184,0.30132,0.30085,0.30043,0.30005,0.29972,0.29943,0.29919,0.29898,0.2988,0.29865,0.29852,0.29842,0.29833,0.29826,0.2982,0.29815,0.29811,0.29807,0.29804,0.29802,0.298,0.29799,0.29797,0.29796,0.29796,0.29795,0.29794,0.29794,0.29793,0.29793,0.29793,0.29793,0.29793,0.29792,0.29792,0.29792,0.29792,0.29792,0.29792,0.29792,0.29792,0.29792,0.29792,0.29792,0.29792,0.29792
4.8,0.31106,0.31106,0.31106,0.31106,0.31106,0.31106,0.31106,0.31106,0.31106,0.31106,0.31106,0.31105,0.31105,0.31105,0.31105,0.31105,0.31105,0.31104,0.31104,0.31104,0.31103,0.31102,0.31101,0.31101,0.31099,0.31098,0.31096,0.31094,0.31091,0.31088,0.31084,0.31079,0.31074,0.31067,0.31058,0.31048,0.31036,0.31022,0.31005,0.30985,0.30961,0.30933,0.30901,0.30865,0.30823,0.30777,0.30727,0.30672,0.30614,0.30553,0.30491,0.30429,0.30368,0.30309,0.30253,0.30202,0.30154,0.30112,0.30074,0.30041,0.30012,0.29988,0.29967,0.29949,0.29934,0.29921,0.29911,0.29902,0.29895,0.29889,0.29884,0.2988,0.29876,0.29874,0.29871,0.29869,0.29868,0.29867,0.29866,0.29865,0.29864,0.29863,0.29863,0.29863,0.29862,0.29862,0.29862,0.29862,0.29862,0.29861,0.29861,0.29861,0.29861,0.29861,0.29861,0.29861,0.29861,0.29861,0.29861,0.29861,0.29861
5.0,0.31163,0.31163,0.31163,0.31163,0.31163,0.31163,0.31163,0.31163,0.31163,0.31163,0.31162,0.31162,0.31162,0.31162,0.31162,0.31162,0.31162,0.31161,0.31161,0.3116,0.3116,0.31159,0.31158,0.31157,0.31156,0.31155,0.31153,0.31151,0.31148,0.31145,0.31141,0.31136,0.31131,0.31124,0.31115,0.31105,0.31093,0.31079,0.31062,0.31041,0.31018,0.3099,0.30958,0.30921,0.3088,0.30834,0.30783,0.30729,0.30671,0.3061,0.30548,0.30486,0.30425,0.30366,0.3031,0.30258,0.30211,0.30169,0.30131,0.30098,0.30069,0.30045,0.30024,0.30006,0.29991,0.29978,0.29968,0.29959,0.29952,0.29946,0.29941,0.29937,0.29933,0.2993,0.29928,0.29926,0.29925,0.29923,0.29922,0.29922,0.29921,0.2992,0.2992,0.29919,0.29919,0.29919,0.29919,0.29918,0.29918,0.29918,0.29918,0.29918,0.29918,0.29918,0.29918,0.29918,0.29918,0.29918,0.29918,0.29918,0.29918
5.2,0.3121,0.3121,0.31209,0.31209,0.31209,0.31209,0.31209,0.31209,0.31209,0.31209,0.31209,0.31209,0.31209,0.31209,0.31209,0.31208,0.31208,0.31208,0.31208,0.31207,0.31207,0.31206,0.31205,0.31204,0.31203,0.31201,0.312,0.31197,0.31195,0.31192,0.31188,0.31183,0.31177,0.3117,0.31162,0.31152,0.3114,0.31125,0.31108,0.31088,0.31064,0.31037,0.31005,0.30968,0.30927,0.30881,0.3083,0.30775,0.30717,0.30657,0.30595,0.30532,0.30471,0.30413,0.30357,0.30305,0.30258,0.30215,0.30178,0.30145,0.30116,0.30091,0.3007,0.30052,0.30037,0.30025,0.30014,0.30005,0.29998,0.29992,0.29987,0.29983,0.2998,0.29977,0.29975,0.29973,0.29971,0.2997,0.29969,0.29968,0.29967,0.29967,0.29966,0.29966,0.29966,0.29965,0.29965,0.29965,0.29965,0.29965,0.29965,0.29965,0.29965,0.29965,0.29964,0.29964,0.29964,0.29964,0.29964,0.29964,0.29964
5.4,0.31248,0.31248,0.31248,0.31248,0.31248,0.31248,0.31248,0.31248,0.31248,0.31248,0.31247,0.31247,0.31247,0.31247,0.31247,0.31247,0.31247,0.31246,0.31246,0.31245,0.31245,0.31244,0.31243,0.31242,0.31241,0.3124,0.31238,0.31236,0.31233,0.3123,0.31226,0.31221,0.31216,0.31209,0.312,0.3119,0.31178,0.31164,0.31147,0.31126,0.31103,0.31075,0.31043,0.31006,0.30965,0.30919,0.30868,0.30814,0.30756,0.30695,0.30633,0.30571,0.3051,0.30451,0.30395,0.30343,0.30296,0.30254,0.30216,0.30183,0.30154,0.30129,0.30108,0.30091,0.30076,0.30063,0.30052,0.30044,0.30036,0.3003,0.30025,0.30021,0.30018,0.30015,0.30013,0.30011,0.3001,0.30008,0.30007,0.30006,0.30006,0.30005,0.30005,0.30004,0.30004,0.30004,0.30004,0.30003,0.30003,0.30003,0.30003,0.30003,0.30003,0.30003,0.30003,0.30003,0.30003,0.30003,0.30003,0.30003,0.30003
5.6,0.31279,0.31279,0.31279,0.31279,0.31279,0.31279,0.31279,0.31279,0.31279,0.31279,0.31279,0.31279,0.31279,0.31279,0.31278,0.31278,0.31278,0.31278,0.31277,0.31277,0.31276,0.31276,0.31275,0.31274,0.31273,0.31271,0.31269,0.31267,0.31265,0.31261,0.31257,0.31253,0.31247,0.3124,0.31232,0.31222,0.3121,0.31195,0.31178,0.31158,0.31134,0.31106,0.31074,0.31038,0.30997,0.30951,0.309,0.30845,0.30787,0.30726,0.30664,0.30602,0.30541,0.30482,0.30427,0.30375,0.30328,0.30285,0.30247,0.30214,0.30186,0.30161,0.3014,0.30122,0.30107,0.30094,0.30084,0.30075,0.30068,0.30062,0.30057,0.30053,0.30049,0.30047,0.30044,0.30042,0.30041,0.3004,0.30039,0.30038,0.30037,0.30037,0.30036,0.30036,0.30035,0.30035,0.30035,0.30035,0.30035,0.30034,0.30034,0.30034,0.30034,0.30034,0.30034,0.30034,0.30034,0.30034,0.30034,0.30034,0.30034
5.8,0.31305,0.31305,0.31305,0.31305,0.31305,0.31305,0.31305,0.31305,0.31305,0.31305,0.31305,0.31305,0.31304,0.31304,0.31304,0.31304,0.31304,0.31303,0.31303,0.31303,0.31302,0.31301,0.31301,0.313,0.31298,0.31297,0.31295,0.31293,0.3129,0.31287,0.31283,0.31279,0.31273,0.31266,0.31257,0.31247,0.31235,0.31221,0.31204,0.31184,0.3116,0.31132,0.311,0.31064,0.31022,0.30976,0.30926,0.30871,0.30813,0.30752,0.3069,0.30628,0.30567,0.30508,0.30452,0.30401,0.30353,0.30311,0.30273,0.3024,0.30211,0.30187,0.30166,0.30148,0.30133,0.3012,0.3011,0.30101,0.30094,0.30088,0.30083,0.30079,0.30075,0.30072,0.3007,0.30068,0.30067,0.30065,0.30064,0.30064,0.30063,0.30062,0.30062,0.30061,0.30061,0.30061,0.30061,0.3006,0.3006,0.3006,0.3006,0.3006,0.3006,0.3006,0.3006,0.3006,0.3006,0.3006,0.3006,0.3006,0.3006
6.0,0.31326,0.31326,0.31326,0.31326,0.31326,0.31326,0.31326,0.31326,0.31326,0.31326,0.31326,0.31326,0.31326,0.31325,0.31325,0.31325,0.31325,0.31325,0.31324,0.31324,0.31323,0.31323,0.31322,0.31321,0.3132,0.31318,0.31316,0.31314,0.31311,0.31308,0.31304,0.313,0.31294,0.31287,0.31279,0.31269,0.31257,0.31242,0.31225,0.31205,0.31181,0.31153,0.31121,0.31085,0.31043,0.30997,0.30947,0.30892,0.30834,0.30773,0.30711,0.30649,0.30588,0.30529,0.30473,0.30422,0.30374,0.30332,0.30294,0.30261,0.30232,0.30208,0.30187,0.30169,0.30154,0.30141,0.30131,0.30122,0.30115,0.30109,0.30104,0.301,0.30096,0.30093,0.30091,0.30089,0.30088,0.30086,0.30085,0.30085,0.30084,0.30083,0.30083,0.30082,0.30082,0.30082,0.30082,0.30082,0.30081,0.30081,0.30081,0.30081,0.30081,0.30081,0.30081,0.30081,0.30081,0.30081,0.30081,0.30081,0.30081
6.2,0.31343,0.31343,0.31343,0.31343,0.31343,0.31343,0.31343,0.31343,0.31343,0.31343,0.31343,0.31343,0.31343,0.31343,0.31343,0.31342,0.31342,0.31342,0.31342,0.31341,0.31341,0.3134,0.31339,0.31338,0.31337,0.31335,0.31334,0.31331,0.31329,0.31326,0.31322,0.31317,0.31311,0.31304,0.31296,0.31286,0.31274,0.31259,0.31242,0.31222,0.31198,0.31171,0.31139,0.31102,0.31061,0.31015,0.30964,0.30909,0.30851,0.30791,0.30729,0.30666,0.30605,0.30546,0.30491,0.30439,0.30392,0.30349,0.30312,0.30278,0.3025,0.30225,0.30204,0.30186,0.30171,0.30158,0.30148,0.30139,0.30132,0.30126,0.30121,0.30117,0.30114,0.30111,0.30108,0.30107,0.30105,0.30104,0.30103,0.30102,0.30101,0.30101,0.301,0.301,0.30099,0.30099,0.30099,0.30099,0.30099,0.30099,0.30098,0.30098,0.30098,0.30098,0.30098,0.30098,0.30098,0.30098,0.30098,0.30098,0.30098
6.4,0.31358,0.31358,0.31358,0.31358,0.31358,0.31358,0.31358,0.31357,0.31357,0.31357,0.31357,0.31357,0.31357,0.31357,0.31357,0.31357,0.31356,0.31356,0.31356,0.31355,0.31355,0.31354,0.31353,0.31352,0.31351,0.3135,0.31348,0.31346,0.31343,0.3134,0.31336,0.31331,0.31325,0.31318,0.3131,0.313,0.31288,0.31274,0.31257,0.31236,0.31213,0.31185,0.31153,0.31116,0.31075,0.31029,0.30978,0.30923,0.30865,0.30805,0.30743,0.30681,0.30619,0.30561,0.30505,0.30453,0.30406,0.30363,0.30326,0.30293,0.30264,0.30239,0.30218,0.302,0.30185,0.30173,0.30162,0.30153,0.30146,0.3014,0.30135,0.30131,0.30128,0.30125,0.30123,0.30121,0.30119,0.30118,0.30117,0.30116,0.30115,0.30115,0.30114,0.30114,0.30114,0.30113,0.30113,0.30113,0.30113,0.30113,0.30113,0.30113,0.30112,0.30112,0.30112,0.30112,0.30112,0.30112,0.30112,0.30112,0.30112
6.6,0.31369,0.31369,0.31369,0.31369,0.31369,0.31369,0.31369,0.31369,0.31369,0.31369,0.31369,0.31369,0.31369,0.31369,0.31368,0.31368,0.31368,0.31368,0.31367,0.31367,0.31366,0.31366,0.31365,0.31364,0.31363,0.31361,0.31359,0.31357,0.31355,0.31351,0.31347,0.31343,0.31337,0.3133,0.31322,0.31312,0.313,0.31285,0.31268,0.31248,0.31224,0.31196,0.31164,0.31128,0.31087,0.3104,0.3099,0.30935,0.30877,0.30816,0.30754,0.30692,0.30631,0.30572,0.30517,0.30465,0.30418,0.30375,0.30337,0.30304,0.30275,0.30251,0.3023,0.30212,0.30197,0.30184,0.30174,0.30165,0.30158,0.30152,0.30147,0.30143,0.30139,0.30137,0.30134,0.30132,0.30131,0.3013,0.30129,0.30128,0.30127,0.30126,0.30126,0.30126,0.30125,0.30125,0.30125,0.30125,0.30124,0.30124,0.30124,0.30124,0.30124,0.30124,0.30124,0.30124,0.30124,0.30124,0.30124,0.30124,0.30124
6.8,0.31379,0.31379,0.31379,0.31379,0.31379,0.31379,0.31379,0.31379,0.31379,0.31378,0.31378,0.31378,0.31378,0.31378,0.31378,0.31378,0.31377,0.31377,0.31377,0.31376,0.31376,0.31375,0.31374,0.31373,0.31372,0.31371,0.31369,0.31367,0.31364,0.31361,0.31357,0.31352,0.31347,0.3134,0.31331,0.31321,0.31309,0.31295,0.31278,0.31257,0.31234,0.31206,0.31174,0.31137,0.31096,0.3105,0.30999,0.30945,0.30886,0.30826,0.30764,0.30702,0.30641,0.30582,0.30526,0.30474,0.30427,0.30385,0.30347,0.30314,0.30285,0.3026,0.30239,0.30221,0.30206,0.30194,0.30183,0.30174,0.30167,0.30161,0.30156,0.30152,0.30149,0.30146,0.30144,0.30142,0.3014,0.30139,0.30138,0.30137,0.30136,0.30136,0.30135,0.30135,0.30135,0.30134,0.30134,0.30134,0.30134,0.30134,0.30134,0.30134,0.30134,0.30134,0.30134,0.30133,0.30133,0.30133,0.30133,0.30133,0.30133
7.0,0.31387,0.31387,0.31387,0.31387,0.31387,0.31386,0.31386,0.31386,0.31386,0.31386,0.31386,0.31386,0.31386,0.31386,0.31386,0.31386,0.31385,0.31385,0.31385,0.31384,0.31384,0.31383,0.31382,0.31381,0.3138,0.31379,0.31377,0.31375,0.31372,0.31369,0.31365,0.3136,0.31354,0.31347,0.31339,0.31329,0.31317,0.31303,0.31285,0.31265,0.31241,0.31214,0.31182,0.31145,0.31104,0.31058,0.31007,0.30952,0.30894,0.30834,0.30772,0.30709,0.30648,0.30589,0.30534,0.30482,0.30435,0.30392,0.30355,0.30321,0.30293,0.30268,0.30247,0.30229,0.30214,0.30202,0.30191,0.30182,0.30175,0.30169,0.30164,0.3016,0.30157,0.30154,0.30152,0.3015,0.30148,0.30147,0.30146,0.30145,0.30144,0.30144,0.30143,0.30143,0.30143,0.30142,0.30142,0.30142,0.30142,0.30142,0.30142,0.30141,0.30141,0.30141,0.30141,0.30141,0.30141,0.30141,0.30141,0.30141,0.30141
7.2,0.31393,0.31393,0.31393,0.31393,0.31393,0.31393,0.31393,0.31393,0.31393,0.31393,0.31393,0.31393,0.31392,0.31392,0.31392,0.31392,0.31392,0.31391,0.31391,0.31391,0.3139,0.31389,0.31389,0.31388,0.31386,0.31385,0.31383,0.31381,0.31378,0.31375,0.31371,0.31366,0.31361,0.31354,0.31345,0.31335,0.31323,0.31309,0.31292,0.31272,0.31248,0.3122,0.31188,0.31152,0.3111,0.31064,0.31014,0.30959,0.30901,0.3084,0.30778,0.30716,0.30655,0.30596,0.3054,0.30488,0.30441,0.30399,0.30361,0.30328,0.30299,0.30274,0.30253,0.30236,0.30221,0.30208,0.30197,0.30189,0.30181,0.30175,0.3017,0.30166,0.30163,0.3016,0.30158,0.30156,0.30154,0.30153,0.30152,0.30151,0.30151,0.3015,0.3015,0.30149,0.30149,0.30149,0.30148,0.30148,0.30148,0.30148,0.30148,0.30148,0.30148,0.30148,0.30148,0.30148,0.30148,0.30148,0.30148,0.30148,0.30148
7.4,0.31398,0.31398,0.31398,0.31398,0.31398,0.31398,0.31398,0.31398,0.31398,0.31398,0.31398,0.31398,0.31398,0.31397,0.31397,0.31397,0.31397,0.31397,0.31396,0.31396,0.31395,0.31395,0.31394,0.31393,0.31392,0.3139,0.31388,0.31386,0.31384,0.3138,0.31376,0.31372,0.31366,0.31359,0.31351,0.31341,0.31329,0.31314,0.31297,0.31277,0.31253,0.31225,0.31193,0.31157,0.31116,0.31069,0.31019,0.30964,0.30906,0.30845,0.30783,0.30721,0.3066,0.30601,0.30545,0.30494,0.30446,0.30404,0.30366,0.30333,0.30304,0.3028,0.30259,0.30241,0.30226,0.30213,0.30203,0.30194,0.30187,0.30181,0.30176,0.30172,0.30168,0.30165,0.30163,0.30161,0.3016,0.30158,0.30157,0.30157,0.30156,0.30155,0.30155,0.30154,0.30154,0.30154,0.30154,0.30153,0.30153,0.30153,0.30153,0.30153,0.30153,0.30153,0.30153,0.30153,0.30153,0.30153,0.30153,0.30153,0.30153
7.6,0.31402,0.31402,0.31402,0.31402,0.31402,0.31402,0.31402,0.31402,0.31402,0.31402,0.31402,0.31402,0.31402,0.31402,0.31402,0.31401,0.31401,0.31401,0.31401,0.314,0.314,0.31399,0.31398,0.31397,0.31396,0.31394,0.31393,0.3139,0.31388,0.31385,0.31381,0.31376,0.3137,0.31363,0.31355,0.31345,0.31333,0.31318,0.31301,0.31281,0.31257,0.3123,0.31198,0.31161,0.3112,0.31074,0.31023,0.30968,0.3091,0.3085,0.30788,0.30725,0.30664,0.30605,0.3055,0.30498,0.30451,0.30408,0.3037,0.30337,0.30309,0.30284,0.30263,0.30245,0.3023,0.30217,0.30207,0.30198,0.30191,0.30185,0.3018,0.30176,0.30172,0.3017,0.30167,0.30166,0.30164,0.30163,0.30162,0.30161,0.3016,0.3016,0.30159,0.30159,0.30158,0.30158,0.30158,0.30158,0.30158,0.30157,0.30157,0.30157,0.30157,0.30157,0.30157,0.30157,0.30157,0.30157,0.30157,0.30157,0.30157
7.8,0.31406,0.31406,0.31406,0.31406,0.31406,0.31406,0.31406,0.31406,0.31406,0.31406,0.31406,0.31406,0.31405,0.31405,0.31405,0.31405,0.31405,0.31404,0.31404,0.31404,0.31403,0.31402,0.31402,0.31401,0.31399,0.31398,0.31396,0.31394,0.31391,0.31388,0.31384,0.31379,0.31374,0.31367,0.31358,0.31348,0.31336,0.31322,0.31305,0.31285,0.31261,0.31233,0.31201,0.31165,0.31123,0.31077,0.31027,0.30972,0.30914,0.30853,0.30791,0.30729,0.30668,0.30609,0.30553,0.30501,0.30454,0.30412,0.30374,0.30341,0.30312,0.30287,0.30266,0.30249,0.30234,0.30221,0.3021,0.30202,0.30194,0.30188,0.30183,0.30179,0.30176,0.30173,0.30171,0.30169,0.30167,0.30166,0.30165,0.30164,0.30164,0.30163,0.30163,0.30162,0.30162,0.30162,0.30161,0.30161,0.30161,0.30161,0.30161,0.30161,0.30161,0.30161,0.30161,0.30161,0.30161,0.30161,0.30161,0.30161,0.30161
8.0,0.31409,0.31409,0.31409,0.31409,0.31409,0.31409,0.31409,0.31409,0.31409,0.31409,0.31408,0.31408,0.31408,0.31408,0.31408,0.31408,0.31408,0.31407,0.31407,0.31406,0.31406,0.31405,0.31404,0.31403,0.31402,0.31401,0.31399,0.31397,0.31394,0.31391,0.31387,0.31382,0.31377,0.3137,0.31361,0.31351,0.31339,0.31325,0.31308,0.31287,0.31264,0.31236,0.31204,0.31168,0.31126,0.3108,0.31029,0.30975,0.30917,0.30856,0.30794,0.30732,0.30671,0.30612,0.30556,0.30504,0.30457,0.30415,0.30377,0.30344,0.30315,0.3029,0.30269,0.30251,0.30236,0.30224,0.30213,0.30205,0.30197,0.30191,0.30186,0.30182,0.30179,0.30176,0.30174,0.30172,0.3017,0.30169,0.30168,0.30167,0.30167,0.30166,0.30165,0.30165,0.30165,0.30165,0.30164,0.30164,0.30164,0.30164,0.30164,0.30164,0.30164,0.30164,0.30164,0.30164,0.30163,0.30163,0.30163,0.30163,0.30163
8.2,0.31411,0.31411,0.31411,0.31411,0.31411,0.31411,0.31411,0.31411,0.31411,0.31411,0.31411,0.31411,0.31411,0.31411,0.3141,0.3141,0.3141,0.3141,0.31409,0.31409,0.31408,0.31408,0.31407,0.31406,0.31405,0.31403,0.31401,0.31399,0.31397,0.31393,0.31389,0.31385,0.31379,0.31372,0.31364,0.31354,0.31342,0.31327,0.3131,0.3129,0.31266,0.31238,0.31206,0.3117,0.31129,0.31082,0.31032,0.30977,0.30919,0.30858,0.30796,0.30734,0.30673,0.30614,0.30558,0.30507,0.30459,0.30417,0.30379,0.30346,0.30317,0.30293,0.30272,0.30254,0.30239,0.30226,0.30216,0.30207,0.302,0.30194,0.30189,0.30185,0.30181,0.30178,0.30176,0.30174,0.30173,0.30171,0.3017,0.3017,0.30169,0.30168,0.30168,0.30167,0.30167,0.30167,0.30167,0.30166,0.30166,0.30166,0.30166,0.30166,0.30166,0.30166,0.30166,0.30166,0.30166,0.30166,0.30166,0.30166,0.30166
8.4,0.31413,0.31413,0.31413,0.31413,0.31413,0.31413,0.31413,0.31413,0.31413,0.31413,0.31413,0.31413,0.31413,0.31412,0.31412,0.31412,0.31412,0.31412,0.31411,0.31411,0.3141,0.3141,0.31409,0.31408,0.31407,0.31405,0.31403,0.31401,0.31398,0.31395,0.31391,0.31387,0.31381,0.31374,0.31366,0.31356,0.31343,0.31329,0.31312,0.31292,0.31268,0.3124,0.31208,0.31172,0.3113,0.31084,0.31034,0.30979,0.30921,0.3086,0.30798,0.30736,0.30675,0.30616,0.3056,0.30509,0.30461,0.30419,0.30381,0.30348,0.30319,0.30295,0.30274,0.30256,0.30241,0.30228,0.30218,0.30209,0.30202,0.30196,0.30191,0.30186,0.30183,0.3018,0.30178,0.30176,0.30175,0.30173,0.30172,0.30171,0.30171,0.3017,0.3017,0.30169,0.30169,0.30169,0.30169,0.30168,0.30168,0.30168,0.30168,0.30168,0.30168,0.30168,0.30168,0.30168,0.30168,0.30168,0.30168,0.30168,0.30168
8.6,0.31415,0.31415,0.31415,0.31415,0.31415,0.31415,0.31415,0.31415,0.31414,0.31414,0.31414,0.31414,0.31414,0.31414,0.31414,0.31414,0.31413,0.31413,0.31413,0.31412,0.31412,0.31411,0.3141,0.31409,0.31408,0.31407,0.31405,0.31403,0.314,0.31397,0.31393,0.31388,0.31382,0.31376,0.31367,0.31357,0.31345,0.31331,0.31314,0.31293,0.3127,0.31242,0.3121,0.31173,0.31132,0.31086,0.31035,0.30981,0.30922,0.30862,0.308,0.30738,0.30676,0.30618,0.30562,0.3051,0.30463,0.3042,0.30383,0.3035,0.30321,0.30296,0.30275,0.30257,0.30242,0.3023,0.30219,0.3021,0.30203,0.30197,0.30192,0.30188,0.30185,0.30182,0.3018,0.30178,0.30176,0.30175,0.30174,0.30173,0.30172,0.30172,0.30171,0.30171,0.30171,0.3017,0.3017,0.3017,0.3017,0.3017,0.3017,0.3017,0.30169,0.30169,0.30169,0.30169,0.30169,0.30169,0.30169,0.30169,0.30169
8.8,0.31416,0.31416,0.31416,0.31416,0.31416,0.31416,0.31416,0.31416,0.31416,0.31416,0.31416,0.31416,0.31415,0.31415,0.31415,0.31415,0.31415,0.31414,0.31414,0.31414,0.31413,0.31412,0.31412,0.31411,0.31409,0.31408,0.31406,0.31404,0.31401,0.31398,0.31394,0.31389,0.31384,0.31377,0.31368,0.31358,0.31346,0.31332,0.31315,0.31295,0.31271,0.31243,0.31211,0.31175,0.31133,0.31087,0.31037,0.30982,0.30924,0.30863,0.30801,0.30739,0.30678,0.30619,0.30563,0.30511,0.30464,0.30422,0.30384,0.30351,0.30322,0.30297,0.30276,0.30259,0.30244,0.30231,0.3022,0.30212,0.30204,0.30198,0.30193,0.30189,0.30186,0.30183,0.30181,0.30179,0.30177,0.30176,0.30175,0.30174,0.30174,0.30173,0.30173,0.30172,0.30172,0.30172,0.30171,0.30171,0.30171,0.30171,0.30171,0.30171,0.30171,0.30171,0.30171,0.30171,0.30171,0.30171,0.30171,0.30171,0.30171
9.0,0.31417,0.31417,0.31417,0.31417,0.31417,0.31417,0.31417,0.31417,0.31417,0.31417,0.31417,0.31417,0.31416,0.31416,0.31416,0.31416,0.31416,0.31415,0.31415,0.31415,0.31414,0.31413,0.31413,0.31412,0.3141,0.31409,0.31407,0.31405,0.31402,0.31399,0.31395,0.31391,0.31385,0.31378,0.3137,0.31359,0.31347,0.31333,0.31316,0.31296,0.31272,0.31244,0.31212,0.31176,0.31134,0.31088,0.31038,0.30983,0.30925,0.30864,0.30802,0.3074,0.30679,0.3062,0.30564,0.30513,0.30465,0.30423,0.30385,0.30352,0.30323,0.30299,0.30277,0.3026,0.30245,0.30232,0.30221,0.30213,0.30205,0.30199,0.30194,0.3019,0.30187,0.30184,0.30182,0.3018,0.30179,0.30177,0.30176,0.30175,0.30175,0.30174,0.30174,0.30173,0.30173,0.30173,0.30172,0.30172,0.30172,0.30172,0.30172,0.30172,0.30172,0.30172,0.30172,0.30172,0.30172,0.30172,0.30172,0.30172,0.30172
9.2,0.31418,0.31418,0.31418,0.31418,0.31418,0.31418,0.31418,0.31418,0.31418,0.31418,0.31418,0.31417,0.31417,0.31417,0.31417,0.31417,0.31417,0.31416,0.31416,0.31416,0.31415,0.31414,0.31413,0.31413,0.31411,0.3141,0.31408,0.31406,0.31403,0.314,0.31396,0.31391,0.31386,0.31379,0.3137,0.3136,0.31348,0.31334,0.31317,0.31297,0.31273,0.31245,0.31213,0.31177,0.31135,0.31089,0.31039,0.30984,0.30926,0.30865,0.30803,0.30741,0.3068,0.30621,0.30565,0.30513,0.30466,0.30424,0.30386,0.30353,0.30324,0.30299,0.30278,0.3026,0.30245,0.30233,0.30222,0.30214,0.30206,0.302,0.30195,0.30191,0.30188,0.30185,0.30183,0.30181,0.30179,0.30178,0.30177,0.30176,0.30176,0.30175,0.30175,0.30174,0.30174,0.30174,0.30173,0.30173,0.30173,0.30173,0.30173,0.30173,0.30173,0.30173,0.30173,0.30173,0.30173,0.30173,0.30172,0.30172,0.30172
9.4,0.31419,0.31419,0.31419,0.31419,0.31419,0.31419,0.31418,0.31418,0.31418,0.31418,0.31418,0.31418,0.31418,0.31418,0.31418,0.31418,0.31417,0.31417,0.31417,0.31416,0.31416,0.31415,0.31414,0.31413,0.31412,0.31411,0.31409,0.31407,0.31404,0.31401,0.31397,0.31392,0.31386,0.31379,0.31371,0.31361,0.31349,0.31335,0.31317,0.31297,0.31274,0.31246,0.31214,0.31177,0.31136,0.3109,0.31039,0.30984,0.30926,0.30866,0.30804,0.30741,0.3068,0.30622,0.30566,0.30514,0.30467,0.30424,0.30387,0.30354,0.30325,0.303,0.30279,0.30261,0.30246,0.30234,0.30223,0.30214,0.30207,0.30201,0.30196,0.30192,0.30189,0.30186,0.30184,0.30182,0.3018,0.30179,0.30178,0.30177,0.30176,0.30176,0.30175,0.30175,0.30175,0.30174,0.30174,0.30174,0.30174,0.30174,0.30174,0.30173,0.30173,0.30173,0.30173,0.30173,0.30173,0.30173,0.30173,0.30173,0.30173
9.6,0.31419,0.31419,0.31419,0.31419,0.31419,0.31419,0.31419,0.31419,0.31419,0.31419,0.31419,0.31419,0.31419,0.31419,0.31418,0.31418,0.31418,0.31418,0.31417,0.31417,0.31416,0.31416,0.31415,0.31414,0.31413,0.31411,0.31409,0.31407,0.31405,0.31401,0.31397,0.31393,0.31387,0.3138,0.31372,0.31362,0.3135,0.31335,0.31318,0.31298,0.31274,0.31246,0.31214,0.31178,0.31137,0.3109,0.3104,0.30985,0.30927,0.30866,0.30804,0.30742,0.30681,0.30622,0.30566,0.30515,0.30467,0.30425,0.30387,0.30354,0.30325,0.30301,0.3028,0.30262,0.30247,0.30234,0.30224,0.30215,0.30208,0.30202,0.30197,0.30193,0.30189,0.30186,0.30184,0.30182,0.30181,0.30179,0.30178,0.30178,0.30177,0.30176,0.30176,0.30175,0.30175,0.30175,0.30175,0.30174,0.30174,0.30174,0.30174,0.30174,0.30174,0.30174,0.30174,0.30174,0.30174,0.30174,0.30174,0.30174,0.30174
9.8,0.3142,0.3142,0.3142,0.3142,0.3142,0.3142,0.3142,0.3142,0.31419,0.31419,0.31419,0.31419,0.31419,0.31419,0.31419,0.31419,0.31418,0.31418,0.31418,0.31417,0.31417,0.31416,0.31415,0.31414,0.31413,0.31412,0.3141,0.31408,0.31405,0.31402,0.31398,0.31393,0.31387,0.3138,0.31372,0.31362,0.3135,0.31336,0.31319,0.31298,0.31275,0.31247,0.31215,0.31178,0.31137,0.31091,0.3104,0.30986,0.30927,0.30867,0.30805,0.30743,0.30681,0.30623,0.30567,0.30515,0.30468,0.30425,0.30388,0.30355,0.30326,0.30301,0.3028,0.30262,0.30247,0.30235,0.30224,0.30215,0.30208,0.30202,0.30197,0.30193,0.3019,0.30187,0.30185,0.30183,0.30181,0.3018,0.30179,0.30178,0.30177,0.30177,0.30176,0.30176,0.30176,0.30175,0.30175,0.30175,0.30175,0.30175,0.30175,0.30175,0.30174,0.30174,0.30174,0.30174,0.30174,0.30174,0.30174,0.30174,0.30174
10.0,0.3142,0.3142,0.3142,0.3142,0.3142,0.3142,0.3142,0.3142,0.3142,0.3142,0.3142,0.3142,0.3142,0.31419,0.31419,0.31419,0.31419,0.31418,0.31418,0.31418,0.31417,0.31416,0.31416,0.31415,0.31413,0.31412,0.3141,0.31408,0.31405,0.31402,0.31398,0.31394,0.31388,0.31381,0.31373,0.31362,0.3135,0.31336,0.31319,0.31299,0.31275,0.31247,0.31215,0.31179,0.31137,0.31091,0.31041,0.30986,0.30928,0.30867,0.30805,0.30743,0.30682,0.30623,0.30567,0.30516,0.30468,0.30426,0.30388,0.30355,0.30326,0.30302,0.3028,0.30263,0.30248,0.30235,0.30224,0.30216,0.30208,0.30202,0.30197,0.30193,0.3019,0.30187,0.30185,0.30183,0.30182,0.3018,0.30179,0.30178,0.30178,0.30177,0.30177,0.30176,0.30176,0.30176,0.30176,0.30175,0.30175,0.30175,0.30175,0.30175,0.30175,0.30175,0.30175,0.30175,0.30175,0.30175,0.30175,0.30175,0.30175
